Workbook
Name lst_groups: '📚 Справочник'!$A$5:$A$24
Name lst_cats: '📚 Справочник'!$C$5:$C$24
Name lst_prio: '📚 Справочник'!$E$5:$E$7
Name lst_tstatus: '📚 Справочник'!$G$5:$G$8
Name lst_estatus: '📚 Справочник'!$I$5:$I$7
Name lst_years: '📚 Справочник'!$K$5:$K$9
Name lst_months: '📚 Справочник'!$L$5:$L$16
Name t_name: '✅ Задачи'!$B$5:$B$1004
Name t_group: '✅ Задачи'!$C$5:$C$1004
Name t_cat: '✅ Задачи'!$D$5:$D$1004
Name t_prio: '✅ Задачи'!$E$5:$E$1004
Name t_date: '✅ Задачи'!$F$5:$F$1004
Name t_status: '✅ Задачи'!$G$5:$G$1004
Name t_done: '✅ Задачи'!$H$5:$H$1004
Name t_label: '✅ Задачи'!$K$5:$K$1004
Name t_key: '✅ Задачи'!$L$5:$L$1004
Name t_od: '✅ Задачи'!$M$5:$M$1004
Name e_date: '🕘 План дня'!$A$5:$A$3004
Name e_start: '🕘 План дня'!$C$5:$C$3004
Name e_dur: '🕘 План дня'!$E$5:$E$3004
Name e_name: '🕘 План дня'!$F$5:$F$3004
Name e_group: '🕘 План дня'!$G$5:$G$3004
Name e_cat: '🕘 План дня'!$H$5:$H$3004
Name e_status: '🕘 План дня'!$J$5:$J$3004
Name e_label: '🕘 План дня'!$M$5:$M$3004
Name e_key: '🕘 План дня'!$N$5:$N$3004
Name cal_y: '📅 Календарь'!$J$3
Name cal_m: '📅 Календарь'!$K$3

Sheet 🏠 Главная
A1: 🏠 Задачи и календарь 2026 – 2030
A2: Личный задачник: задачи с отметкой выполнения, расписание по времени, календарь месяца и итоги.
B4: 📌 Сводка | E4: ="☀️ Сегодня, "&RIGHT("0"&DAY(TODAY()),2)&"."&RIGHT("0"&MONTH(TODAY()),2)&"."&YEAR(TODAY())&" ("&CHOOSE(WEEKDAY(TODAY(),2),"Пн","Вт","Ср","Чт","Пт","Сб","Вс")&")" | G4: ❗ Просроченные задачи
B5: Всего задач | C5: ='📊 Итоги'!B9 | E5: =IFERROR(IF(1<=COUNTIFS(e_date,$F$5,e_name,"?*"),INDEX(e_label,MATCH($F$5&"#"&1,e_key,0)),IF(1-COUNTIFS(e_date,$F$5,e_name,"?*")<=COUNTIFS(t_date,$F$5,t_name,"?*",t_status,"<>❌ Отменена"),INDEX(t_label,MATCH($F$5&"#"&(1-COUNTIFS(e_date,$F$5,e_name,"?*")),t_key,0)),"")),"") | F5: =TODAY() | G5: =IFERROR(INDEX(t_name,MATCH(1,t_od,0)),"") | H5: =IFERROR(INDEX(t_date,MATCH(1,t_od,0)),"")
B6: ✅ Выполнено | C6: ='📊 Итоги'!B7 | E6: =IFERROR(IF(2<=COUNTIFS(e_date,$F$5,e_name,"?*"),INDEX(e_label,MATCH($F$5&"#"&2,e_key,0)),IF(2-COUNTIFS(e_date,$F$5,e_name,"?*")<=COUNTIFS(t_date,$F$5,t_name,"?*",t_status,"<>❌ Отменена"),INDEX(t_label,MATCH($F$5&"#"&(2-COUNTIFS(e_date,$F$5,e_name,"?*")),t_key,0)),"")),"") | G6: =IFERROR(INDEX(t_name,MATCH(2,t_od,0)),"") | H6: =IFERROR(INDEX(t_date,MATCH(2,t_od,0)),"")
B7: 🎯 Прогресс | C7: =IF(('📊 Итоги'!B9-'📊 Итоги'!B8)=0,"",'📊 Итоги'!B7/('📊 Итоги'!B9-'📊 Итоги'!B8)) | E7: =IFERROR(IF(3<=COUNTIFS(e_date,$F$5,e_name,"?*"),INDEX(e_label,MATCH($F$5&"#"&3,e_key,0)),IF(3-COUNTIFS(e_date,$F$5,e_name,"?*")<=COUNTIFS(t_date,$F$5,t_name,"?*",t_status,"<>❌ Отменена"),INDEX(t_label,MATCH($F$5&"#"&(3-COUNTIFS(e_date,$F$5,e_name,"?*")),t_key,0)),"")),"") | G7: =IFERROR(INDEX(t_name,MATCH(3,t_od,0)),"") | H7: =IFERROR(INDEX(t_date,MATCH(3,t_od,0)),"")
B8: ❗ Просрочено | C8: ='📊 Итоги'!B10 | E8: =IFERROR(IF(4<=COUNTIFS(e_date,$F$5,e_name,"?*"),INDEX(e_label,MATCH($F$5&"#"&4,e_key,0)),IF(4-COUNTIFS(e_date,$F$5,e_name,"?*")<=COUNTIFS(t_date,$F$5,t_name,"?*",t_status,"<>❌ Отменена"),INDEX(t_label,MATCH($F$5&"#"&(4-COUNTIFS(e_date,$F$5,e_name,"?*")),t_key,0)),"")),"") | G8: =IFERROR(INDEX(t_name,MATCH(4,t_od,0)),"") | H8: =IFERROR(INDEX(t_date,MATCH(4,t_od,0)),"")
B9: 🔥 На сегодня (дел + задач) | C9: =COUNTIFS(e_date,TODAY(),e_name,"?*")+COUNTIFS(t_date,TODAY(),t_name,"?*",t_status,"<>❌ Отменена") | E9: =IFERROR(IF(5<=COUNTIFS(e_date,$F$5,e_name,"?*"),INDEX(e_label,MATCH($F$5&"#"&5,e_key,0)),IF(5-COUNTIFS(e_date,$F$5,e_name,"?*")<=COUNTIFS(t_date,$F$5,t_name,"?*",t_status,"<>❌ Отменена"),INDEX(t_label,MATCH($F$5&"#"&(5-COUNTIFS(e_date,$F$5,e_name,"?*")),t_key,0)),"")),"") | G9: =IFERROR(INDEX(t_name,MATCH(5,t_od,0)),"") | H9: =IFERROR(INDEX(t_date,MATCH(5,t_od,0)),"")
B10: ⏱ Часов на этой неделе | C10: =SUMIFS(e_dur,e_date,">="&(TODAY()-WEEKDAY(TODAY(),2)+1),e_date,"<"&(TODAY()-WEEKDAY(TODAY(),2)+8)) | E10: =IFERROR(IF(6<=COUNTIFS(e_date,$F$5,e_name,"?*"),INDEX(e_label,MATCH($F$5&"#"&6,e_key,0)),IF(6-COUNTIFS(e_date,$F$5,e_name,"?*")<=COUNTIFS(t_date,$F$5,t_name,"?*",t_status,"<>❌ Отменена"),INDEX(t_label,MATCH($F$5&"#"&(6-COUNTIFS(e_date,$F$5,e_name,"?*")),t_key,0)),"")),"") | G10: =IFERROR(INDEX(t_name,MATCH(6,t_od,0)),"") | H10: =IFERROR(INDEX(t_date,MATCH(6,t_od,0)),"")
E11: =IFERROR(IF(7<=COUNTIFS(e_date,$F$5,e_name,"?*"),INDEX(e_label,MATCH($F$5&"#"&7,e_key,0)),IF(7-COUNTIFS(e_date,$F$5,e_name,"?*")<=COUNTIFS(t_date,$F$5,t_name,"?*",t_status,"<>❌ Отменена"),INDEX(t_label,MATCH($F$5&"#"&(7-COUNTIFS(e_date,$F$5,e_name,"?*")),t_key,0)),"")),"") | G11: =IFERROR(INDEX(t_name,MATCH(7,t_od,0)),"") | H11: =IFERROR(INDEX(t_date,MATCH(7,t_od,0)),"")
B12: 🧭 Навигация | E12: =IFERROR(IF(8<=COUNTIFS(e_date,$F$5,e_name,"?*"),INDEX(e_label,MATCH($F$5&"#"&8,e_key,0)),IF(8-COUNTIFS(e_date,$F$5,e_name,"?*")<=COUNTIFS(t_date,$F$5,t_name,"?*",t_status,"<>❌ Отменена"),INDEX(t_label,MATCH($F$5&"#"&(8-COUNTIFS(e_date,$F$5,e_name,"?*")),t_key,0)),"")),"") | G12: =IFERROR(INDEX(t_name,MATCH(8,t_od,0)),"") | H12: =IFERROR(INDEX(t_date,MATCH(8,t_od,0)),"")
B13: 📅 Календарь | C13: календарь месяца | E13: =IFERROR(IF(9<=COUNTIFS(e_date,$F$5,e_name,"?*"),INDEX(e_label,MATCH($F$5&"#"&9,e_key,0)),IF(9-COUNTIFS(e_date,$F$5,e_name,"?*")<=COUNTIFS(t_date,$F$5,t_name,"?*",t_status,"<>❌ Отменена"),INDEX(t_label,MATCH($F$5&"#"&(9-COUNTIFS(e_date,$F$5,e_name,"?*")),t_key,0)),"")),"") | G13: =IFERROR(INDEX(t_name,MATCH(9,t_od,0)),"") | H13: =IFERROR(INDEX(t_date,MATCH(9,t_od,0)),"")
B14: ✅ Задачи | C14: задачи и отметка выполнения | E14: =IFERROR(IF(10<=COUNTIFS(e_date,$F$5,e_name,"?*"),INDEX(e_label,MATCH($F$5&"#"&10,e_key,0)),IF(10-COUNTIFS(e_date,$F$5,e_name,"?*")<=COUNTIFS(t_date,$F$5,t_name,"?*",t_status,"<>❌ Отменена"),INDEX(t_label,MATCH($F$5&"#"&(10-COUNTIFS(e_date,$F$5,e_name,"?*")),t_key,0)),"")),"") | G14: =IFERROR(INDEX(t_name,MATCH(10,t_od,0)),"") | H14: =IFERROR(INDEX(t_date,MATCH(10,t_od,0)),"")
B15: 🕘 План дня | C15: расписание по времени | E15: =IFERROR(IF(11<=COUNTIFS(e_date,$F$5,e_name,"?*"),INDEX(e_label,MATCH($F$5&"#"&11,e_key,0)),IF(11-COUNTIFS(e_date,$F$5,e_name,"?*")<=COUNTIFS(t_date,$F$5,t_name,"?*",t_status,"<>❌ Отменена"),INDEX(t_label,MATCH($F$5&"#"&(11-COUNTIFS(e_date,$F$5,e_name,"?*")),t_key,0)),"")),"") | G15: =IF(COUNT(t_od)>10,"… и ещё "&(COUNT(t_od)-10),IF(COUNT(t_od)=0,"🎉 Просроченных нет!",""))
B16: 📊 Итоги | C16: итоги по группам и категориям | E16: =IFERROR(IF(COUNTIFS(e_date,$F$5,e_name,"?*")+COUNTIFS(t_date,$F$5,t_name,"?*",t_status,"<>❌ Отменена")>12,"… ещё "&(COUNTIFS(e_date,$F$5,e_name,"?*")+COUNTIFS(t_date,$F$5,t_name,"?*",t_status,"<>❌ Отменена")-11),IF(12<=COUNTIFS(e_date,$F$5,e_name,"?*"),INDEX(e_label,MATCH($F$5&"#"&12,e_key,0)),IF(12-COUNTIFS(e_date,$F$5,e_name,"?*")<=COUNTIFS(t_date,$F$5,t_name,"?*",t_status,"<>❌ Отменена"),INDEX(t_label,MATCH($F$5&"#"&(12-COUNTIFS(e_date,$F$5,e_name,"?*")),t_key,0)),""))),"")
B17: 🗓 По месяцам | C17: итоги по месяцам + графики | E17: Пусто? Добавьте дела в «🕘 План дня» и задачи со сроком на сегодня.
B18: 📚 Справочник | C18: справочник списков
B20: 🎨 Как пользоваться
B21: 1️⃣ «✅ Задачи» — записываете задачи: группа, категория, приоритет, срок. Выполнили → статус «✅ Выполнена».
B22: 2️⃣ «🕘 План дня» — расписание: дата, начало, конец, дело. Сделали → статус «✅ Сделано».
B23: 3️⃣ «📅 Календарь» — выберите год и месяц: в каждом дне видны дела и задачи.
B24: 4️⃣ «📊 Итоги» и «🗓 По месяцам» — считаются сами, вводить ничего не нужно.
B25: 🟢 Зелёные вкладки — витрины (смотреть), 🔴 красные — технические (вводить данные).
B26: Жёлтые ячейки — ввод. Синий шрифт — ваши данные. Зачёркнуто — выполнено. Красным — просрочено.
B27: В «Задачах» и «Плане дня» есть строки-ПРИМЕРЫ — замените или удалите их.

Sheet 📅 Календарь
A1: 📅 Календарь
A2: Выберите год и месяц в жёлтых ячейках (пусто = текущий месяц). В каждом дне — дела из «🕘 План дня» (по времени) и задачи из «✅ Задачи» (по сроку). ✔ — сделано, ❗ — просрочено, ☐ — в планах.
B3: 📆 Год ▸ | D3: 🗓 Месяц ▸ | J3: =IF($C$3="",YEAR(TODAY()),$C$3) | K3: =IF($E$3="",MONTH(TODAY()),MATCH($E$3,lst_months,0))
B4: =INDEX(lst_months,cal_m)&" "&cal_y
B5: Пн | C5: Вт | D5: Ср | E5: Чт | F5: Пт | G5: Сб | H5: Вс
B6: =(DATE(cal_y,cal_m,1)-WEEKDAY(DATE(cal_y,cal_m,1),2)+1)+0 | C6: =(DATE(cal_y,cal_m,1)-WEEKDAY(DATE(cal_y,cal_m,1),2)+1)+1 | D6: =(DATE(cal_y,cal_m,1)-WEEKDAY(DATE(cal_y,cal_m,1),2)+1)+2 | E6: =(DATE(cal_y,cal_m,1)-WEEKDAY(DATE(cal_y,cal_m,1),2)+1)+3 | F6: =(DATE(cal_y,cal_m,1)-WEEKDAY(DATE(cal_y,cal_m,1),2)+1)+4 | G6: =(DATE(cal_y,cal_m,1)-WEEKDAY(DATE(cal_y,cal_m,1),2)+1)+5 | H6: =(DATE(cal_y,cal_m,1)-WEEKDAY(DATE(cal_y,cal_m,1),2)+1)+6 | J6: 📊 Этот месяц
B7: =IFERROR(IF(1<=COUNTIFS(e_date,B$6,e_name,"?*"),INDEX(e_label,MATCH(B$6&"#"&1,e_key,0)),IF(1-COUNTIFS(e_date,B$6,e_name,"?*")<=COUNTIFS(t_date,B$6,t_name,"?*",t_status,"<>❌ Отменена"),INDEX(t_label,MATCH(B$6&"#"&(1-COUNTIFS(e_date,B$6,e_name,"?*")),t_key,0)),"")),"") | C7: =IFERROR(IF(1<=COUNTIFS(e_date,C$6,e_name,"?*"),INDEX(e_label,MATCH(C$6&"#"&1,e_key,0)),IF(1-COUNTIFS(e_date,C$6,e_name,"?*")<=COUNTIFS(t_date,C$6,t_name,"?*",t_status,"<>❌ Отменена"),INDEX(t_label,MATCH(C$6&"#"&(1-COUNTIFS(e_date,C$6,e_name,"?*")),t_key,0)),"")),"") | D7: =IFERROR(IF(1<=COUNTIFS(e_date,D$6,e_name,"?*"),INDEX(e_label,MATCH(D$6&"#"&1,e_key,0)),IF(1-COUNTIFS(e_date,D$6,e_name,"?*")<=COUNTIFS(t_date,D$6,t_name,"?*",t_status,"<>❌ Отменена"),INDEX(t_label,MATCH(D$6&"#"&(1-COUNTIFS(e_date,D$6,e_name,"?*")),t_key,0)),"")),"") | E7: =IFERROR(IF(1<=COUNTIFS(e_date,E$6,e_name,"?*"),INDEX(e_label,MATCH(E$6&"#"&1,e_key,0)),IF(1-COUNTIFS(e_date,E$6,e_name,"?*")<=COUNTIFS(t_date,E$6,t_name,"?*",t_status,"<>❌ Отменена"),INDEX(t_label,MATCH(E$6&"#"&(1-COUNTIFS(e_date,E$6,e_name,"?*")),t_key,0)),"")),"") | F7: =IFERROR(IF(1<=COUNTIFS(e_date,F$6,e_name,"?*"),INDEX(e_label,MATCH(F$6&"#"&1,e_key,0)),IF(1-COUNTIFS(e_date,F$6,e_name,"?*")<=COUNTIFS(t_date,F$6,t_name,"?*",t_status,"<>❌ Отменена"),INDEX(t_label,MATCH(F$6&"#"&(1-COUNTIFS(e_date,F$6,e_name,"?*")),t_key,0)),"")),"") | G7: =IFERROR(IF(1<=COUNTIFS(e_date,G$6,e_name,"?*"),INDEX(e_label,MATCH(G$6&"#"&1,e_key,0)),IF(1-COUNTIFS(e_date,G$6,e_name,"?*")<=COUNTIFS(t_date,G$6,t_name,"?*",t_status,"<>❌ Отменена"),INDEX(t_label,MATCH(G$6&"#"&(1-COUNTIFS(e_date,G$6,e_name,"?*")),t_key,0)),"")),"") | H7: =IFERROR(IF(1<=COUNTIFS(e_date,H$6,e_name,"?*"),INDEX(e_label,MATCH(H$6&"#"&1,e_key,0)),IF(1-COUNTIFS(e_date,H$6,e_name,"?*")<=COUNTIFS(t_date,H$6,t_name,"?*",t_status,"<>❌ Отменена"),INDEX(t_label,MATCH(H$6&"#"&(1-COUNTIFS(e_date,H$6,e_name,"?*")),t_key,0)),"")),"") | J7: Задач со сроком | K7: =COUNTIFS(t_date,">="&DATE(cal_y,cal_m,1),t_date,"<"&DATE(cal_y,cal_m+1,1),t_name,"?*",t_status,"<>❌ Отменена")
B8: =IFERROR(IF(2<=COUNTIFS(e_date,B$6,e_name,"?*"),INDEX(e_label,MATCH(B$6&"#"&2,e_key,0)),IF(2-COUNTIFS(e_date,B$6,e_name,"?*")<=COUNTIFS(t_date,B$6,t_name,"?*",t_status,"<>❌ Отменена"),INDEX(t_label,MATCH(B$6&"#"&(2-COUNTIFS(e_date,B$6,e_name,"?*")),t_key,0)),"")),"") | C8: =IFERROR(IF(2<=COUNTIFS(e_date,C$6,e_name,"?*"),INDEX(e_label,MATCH(C$6&"#"&2,e_key,0)),IF(2-COUNTIFS(e_date,C$6,e_name,"?*")<=COUNTIFS(t_date,C$6,t_name,"?*",t_status,"<>❌ Отменена"),INDEX(t_label,MATCH(C$6&"#"&(2-COUNTIFS(e_date,C$6,e_name,"?*")),t_key,0)),"")),"") | D8: =IFERROR(IF(2<=COUNTIFS(e_date,D$6,e_name,"?*"),INDEX(e_label,MATCH(D$6&"#"&2,e_key,0)),IF(2-COUNTIFS(e_date,D$6,e_name,"?*")<=COUNTIFS(t_date,D$6,t_name,"?*",t_status,"<>❌ Отменена"),INDEX(t_label,MATCH(D$6&"#"&(2-COUNTIFS(e_date,D$6,e_name,"?*")),t_key,0)),"")),"") | E8: =IFERROR(IF(2<=COUNTIFS(e_date,E$6,e_name,"?*"),INDEX(e_label,MATCH(E$6&"#"&2,e_key,0)),IF(2-COUNTIFS(e_date,E$6,e_name,"?*")<=COUNTIFS(t_date,E$6,t_name,"?*",t_status,"<>❌ Отменена"),INDEX(t_label,MATCH(E$6&"#"&(2-COUNTIFS(e_date,E$6,e_name,"?*")),t_key,0)),"")),"") | F8: =IFERROR(IF(2<=COUNTIFS(e_date,F$6,e_name,"?*"),INDEX(e_label,MATCH(F$6&"#"&2,e_key,0)),IF(2-COUNTIFS(e_date,F$6,e_name,"?*")<=COUNTIFS(t_date,F$6,t_name,"?*",t_status,"<>❌ Отменена"),INDEX(t_label,MATCH(F$6&"#"&(2-COUNTIFS(e_date,F$6,e_name,"?*")),t_key,0)),"")),"") | G8: =IFERROR(IF(2<=COUNTIFS(e_date,G$6,e_name,"?*"),INDEX(e_label,MATCH(G$6&"#"&2,e_key,0)),IF(2-COUNTIFS(e_date,G$6,e_name,"?*")<=COUNTIFS(t_date,G$6,t_name,"?*",t_status,"<>❌ Отменена"),INDEX(t_label,MATCH(G$6&"#"&(2-COUNTIFS(e_date,G$6,e_name,"?*")),t_key,0)),"")),"") | H8: =IFERROR(IF(2<=COUNTIFS(e_date,H$6,e_name,"?*"),INDEX(e_label,MATCH(H$6&"#"&2,e_key,0)),IF(2-COUNTIFS(e_date,H$6,e_name,"?*")<=COUNTIFS(t_date,H$6,t_name,"?*",t_status,"<>❌ Отменена"),INDEX(t_label,MATCH(H$6&"#"&(2-COUNTIFS(e_date,H$6,e_name,"?*")),t_key,0)),"")),"") | J8: ✅ Выполнено | K8: =COUNTIFS(t_date,">="&DATE(cal_y,cal_m,1),t_date,"<"&DATE(cal_y,cal_m+1,1),t_status,"✅ Выполнена")
B9: =IFERROR(IF(3<=COUNTIFS(e_date,B$6,e_name,"?*"),INDEX(e_label,MATCH(B$6&"#"&3,e_key,0)),IF(3-COUNTIFS(e_date,B$6,e_name,"?*")<=COUNTIFS(t_date,B$6,t_name,"?*",t_status,"<>❌ Отменена"),INDEX(t_label,MATCH(B$6&"#"&(3-COUNTIFS(e_date,B$6,e_name,"?*")),t_key,0)),"")),"") | C9: =IFERROR(IF(3<=COUNTIFS(e_date,C$6,e_name,"?*"),INDEX(e_label,MATCH(C$6&"#"&3,e_key,0)),IF(3-COUNTIFS(e_date,C$6,e_name,"?*")<=COUNTIFS(t_date,C$6,t_name,"?*",t_status,"<>❌ Отменена"),INDEX(t_label,MATCH(C$6&"#"&(3-COUNTIFS(e_date,C$6,e_name,"?*")),t_key,0)),"")),"") | D9: =IFERROR(IF(3<=COUNTIFS(e_date,D$6,e_name,"?*"),INDEX(e_label,MATCH(D$6&"#"&3,e_key,0)),IF(3-COUNTIFS(e_date,D$6,e_name,"?*")<=COUNTIFS(t_date,D$6,t_name,"?*",t_status,"<>❌ Отменена"),INDEX(t_label,MATCH(D$6&"#"&(3-COUNTIFS(e_date,D$6,e_name,"?*")),t_key,0)),"")),"") | E9: =IFERROR(IF(3<=COUNTIFS(e_date,E$6,e_name,"?*"),INDEX(e_label,MATCH(E$6&"#"&3,e_key,0)),IF(3-COUNTIFS(e_date,E$6,e_name,"?*")<=COUNTIFS(t_date,E$6,t_name,"?*",t_status,"<>❌ Отменена"),INDEX(t_label,MATCH(E$6&"#"&(3-COUNTIFS(e_date,E$6,e_name,"?*")),t_key,0)),"")),"") | F9: =IFERROR(IF(3<=COUNTIFS(e_date,F$6,e_name,"?*"),INDEX(e_label,MATCH(F$6&"#"&3,e_key,0)),IF(3-COUNTIFS(e_date,F$6,e_name,"?*")<=COUNTIFS(t_date,F$6,t_name,"?*",t_status,"<>❌ Отменена"),INDEX(t_label,MATCH(F$6&"#"&(3-COUNTIFS(e_date,F$6,e_name,"?*")),t_key,0)),"")),"") | G9: =IFERROR(IF(3<=COUNTIFS(e_date,G$6,e_name,"?*"),INDEX(e_label,MATCH(G$6&"#"&3,e_key,0)),IF(3-COUNTIFS(e_date,G$6,e_name,"?*")<=COUNTIFS(t_date,G$6,t_name,"?*",t_status,"<>❌ Отменена"),INDEX(t_label,MATCH(G$6&"#"&(3-COUNTIFS(e_date,G$6,e_name,"?*")),t_key,0)),"")),"") | H9: =IFERROR(IF(3<=COUNTIFS(e_date,H$6,e_name,"?*"),INDEX(e_label,MATCH(H$6&"#"&3,e_key,0)),IF(3-COUNTIFS(e_date,H$6,e_name,"?*")<=COUNTIFS(t_date,H$6,t_name,"?*",t_status,"<>❌ Отменена"),INDEX(t_label,MATCH(H$6&"#"&(3-COUNTIFS(e_date,H$6,e_name,"?*")),t_key,0)),"")),"") | J9: 🎯 Прогресс | K9: =IF(K7=0,"",K8/K7)
B10: =IFERROR(IF(4<=COUNTIFS(e_date,B$6,e_name,"?*"),INDEX(e_label,MATCH(B$6&"#"&4,e_key,0)),IF(4-COUNTIFS(e_date,B$6,e_name,"?*")<=COUNTIFS(t_date,B$6,t_name,"?*",t_status,"<>❌ Отменена"),INDEX(t_label,MATCH(B$6&"#"&(4-COUNTIFS(e_date,B$6,e_name,"?*")),t_key,0)),"")),"") | C10: =IFERROR(IF(4<=COUNTIFS(e_date,C$6,e_name,"?*"),INDEX(e_label,MATCH(C$6&"#"&4,e_key,0)),IF(4-COUNTIFS(e_date,C$6,e_name,"?*")<=COUNTIFS(t_date,C$6,t_name,"?*",t_status,"<>❌ Отменена"),INDEX(t_label,MATCH(C$6&"#"&(4-COUNTIFS(e_date,C$6,e_name,"?*")),t_key,0)),"")),"") | D10: =IFERROR(IF(4<=COUNTIFS(e_date,D$6,e_name,"?*"),INDEX(e_label,MATCH(D$6&"#"&4,e_key,0)),IF(4-COUNTIFS(e_date,D$6,e_name,"?*")<=COUNTIFS(t_date,D$6,t_name,"?*",t_status,"<>❌ Отменена"),INDEX(t_label,MATCH(D$6&"#"&(4-COUNTIFS(e_date,D$6,e_name,"?*")),t_key,0)),"")),"") | E10: =IFERROR(IF(4<=COUNTIFS(e_date,E$6,e_name,"?*"),INDEX(e_label,MATCH(E$6&"#"&4,e_key,0)),IF(4-COUNTIFS(e_date,E$6,e_name,"?*")<=COUNTIFS(t_date,E$6,t_name,"?*",t_status,"<>❌ Отменена"),INDEX(t_label,MATCH(E$6&"#"&(4-COUNTIFS(e_date,E$6,e_name,"?*")),t_key,0)),"")),"") | F10: =IFERROR(IF(4<=COUNTIFS(e_date,F$6,e_name,"?*"),INDEX(e_label,MATCH(F$6&"#"&4,e_key,0)),IF(4-COUNTIFS(e_date,F$6,e_name,"?*")<=COUNTIFS(t_date,F$6,t_name,"?*",t_status,"<>❌ Отменена"),INDEX(t_label,MATCH(F$6&"#"&(4-COUNTIFS(e_date,F$6,e_name,"?*")),t_key,0)),"")),"") | G10: =IFERROR(IF(4<=COUNTIFS(e_date,G$6,e_name,"?*"),INDEX(e_label,MATCH(G$6&"#"&4,e_key,0)),IF(4-COUNTIFS(e_date,G$6,e_name,"?*")<=COUNTIFS(t_date,G$6,t_name,"?*",t_status,"<>❌ Отменена"),INDEX(t_label,MATCH(G$6&"#"&(4-COUNTIFS(e_date,G$6,e_name,"?*")),t_key,0)),"")),"") | H10: =IFERROR(IF(4<=COUNTIFS(e_date,H$6,e_name,"?*"),INDEX(e_label,MATCH(H$6&"#"&4,e_key,0)),IF(4-COUNTIFS(e_date,H$6,e_name,"?*")<=COUNTIFS(t_date,H$6,t_name,"?*",t_status,"<>❌ Отменена"),INDEX(t_label,MATCH(H$6&"#"&(4-COUNTIFS(e_date,H$6,e_name,"?*")),t_key,0)),"")),"") | J10: ❗ Просрочено | K10: =COUNTIFS(t_date,">="&DATE(cal_y,cal_m,1),t_date,"<"&DATE(cal_y,cal_m+1,1),t_od,">0")
B11: =IFERROR(IF(5<=COUNTIFS(e_date,B$6,e_name,"?*"),INDEX(e_label,MATCH(B$6&"#"&5,e_key,0)),IF(5-COUNTIFS(e_date,B$6,e_name,"?*")<=COUNTIFS(t_date,B$6,t_name,"?*",t_status,"<>❌ Отменена"),INDEX(t_label,MATCH(B$6&"#"&(5-COUNTIFS(e_date,B$6,e_name,"?*")),t_key,0)),"")),"") | C11: =IFERROR(IF(5<=COUNTIFS(e_date,C$6,e_name,"?*"),INDEX(e_label,MATCH(C$6&"#"&5,e_key,0)),IF(5-COUNTIFS(e_date,C$6,e_name,"?*")<=COUNTIFS(t_date,C$6,t_name,"?*",t_status,"<>❌ Отменена"),INDEX(t_label,MATCH(C$6&"#"&(5-COUNTIFS(e_date,C$6,e_name,"?*")),t_key,0)),"")),"") | D11: =IFERROR(IF(5<=COUNTIFS(e_date,D$6,e_name,"?*"),INDEX(e_label,MATCH(D$6&"#"&5,e_key,0)),IF(5-COUNTIFS(e_date,D$6,e_name,"?*")<=COUNTIFS(t_date,D$6,t_name,"?*",t_status,"<>❌ Отменена"),INDEX(t_label,MATCH(D$6&"#"&(5-COUNTIFS(e_date,D$6,e_name,"?*")),t_key,0)),"")),"") | E11: =IFERROR(IF(5<=COUNTIFS(e_date,E$6,e_name,"?*"),INDEX(e_label,MATCH(E$6&"#"&5,e_key,0)),IF(5-COUNTIFS(e_date,E$6,e_name,"?*")<=COUNTIFS(t_date,E$6,t_name,"?*",t_status,"<>❌ Отменена"),INDEX(t_label,MATCH(E$6&"#"&(5-COUNTIFS(e_date,E$6,e_name,"?*")),t_key,0)),"")),"") | F11: =IFERROR(IF(5<=COUNTIFS(e_date,F$6,e_name,"?*"),INDEX(e_label,MATCH(F$6&"#"&5,e_key,0)),IF(5-COUNTIFS(e_date,F$6,e_name,"?*")<=COUNTIFS(t_date,F$6,t_name,"?*",t_status,"<>❌ Отменена"),INDEX(t_label,MATCH(F$6&"#"&(5-COUNTIFS(e_date,F$6,e_name,"?*")),t_key,0)),"")),"") | G11: =IFERROR(IF(5<=COUNTIFS(e_date,G$6,e_name,"?*"),INDEX(e_label,MATCH(G$6&"#"&5,e_key,0)),IF(5-COUNTIFS(e_date,G$6,e_name,"?*")<=COUNTIFS(t_date,G$6,t_name,"?*",t_status,"<>❌ Отменена"),INDEX(t_label,MATCH(G$6&"#"&(5-COUNTIFS(e_date,G$6,e_name,"?*")),t_key,0)),"")),"") | H11: =IFERROR(IF(5<=COUNTIFS(e_date,H$6,e_name,"?*"),INDEX(e_label,MATCH(H$6&"#"&5,e_key,0)),IF(5-COUNTIFS(e_date,H$6,e_name,"?*")<=COUNTIFS(t_date,H$6,t_name,"?*",t_status,"<>❌ Отменена"),INDEX(t_label,MATCH(H$6&"#"&(5-COUNTIFS(e_date,H$6,e_name,"?*")),t_key,0)),"")),"") | J11: 🕘 Дел в расписании | K11: =COUNTIFS(e_date,">="&DATE(cal_y,cal_m,1),e_date,"<"&DATE(cal_y,cal_m+1,1),e_name,"?*")
B12: =IFERROR(IF(COUNTIFS(e_date,B$6,e_name,"?*")+COUNTIFS(t_date,B$6,t_name,"?*",t_status,"<>❌ Отменена")>6,"… ещё "&(COUNTIFS(e_date,B$6,e_name,"?*")+COUNTIFS(t_date,B$6,t_name,"?*",t_status,"<>❌ Отменена")-5),IF(6<=COUNTIFS(e_date,B$6,e_name,"?*"),INDEX(e_label,MATCH(B$6&"#"&6,e_key,0)),IF(6-COUNTIFS(e_date,B$6,e_name,"?*")<=COUNTIFS(t_date,B$6,t_name,"?*",t_status,"<>❌ Отменена"),INDEX(t_label,MATCH(B$6&"#"&(6-COUNTIFS(e_date,B$6,e_name,"?*")),t_key,0)),""))),"") | C12: =IFERROR(IF(COUNTIFS(e_date,C$6,e_name,"?*")+COUNTIFS(t_date,C$6,t_name,"?*",t_status,"<>❌ Отменена")>6,"… ещё "&(COUNTIFS(e_date,C$6,e_name,"?*")+COUNTIFS(t_date,C$6,t_name,"?*",t_status,"<>❌ Отменена")-5),IF(6<=COUNTIFS(e_date,C$6,e_name,"?*"),INDEX(e_label,MATCH(C$6&"#"&6,e_key,0)),IF(6-COUNTIFS(e_date,C$6,e_name,"?*")<=COUNTIFS(t_date,C$6,t_name,"?*",t_status,"<>❌ Отменена"),INDEX(t_label,MATCH(C$6&"#"&(6-COUNTIFS(e_date,C$6,e_name,"?*")),t_key,0)),""))),"") | D12: =IFERROR(IF(COUNTIFS(e_date,D$6,e_name,"?*")+COUNTIFS(t_date,D$6,t_name,"?*",t_status,"<>❌ Отменена")>6,"… ещё "&(COUNTIFS(e_date,D$6,e_name,"?*")+COUNTIFS(t_date,D$6,t_name,"?*",t_status,"<>❌ Отменена")-5),IF(6<=COUNTIFS(e_date,D$6,e_name,"?*"),INDEX(e_label,MATCH(D$6&"#"&6,e_key,0)),IF(6-COUNTIFS(e_date,D$6,e_name,"?*")<=COUNTIFS(t_date,D$6,t_name,"?*",t_status,"<>❌ Отменена"),INDEX(t_label,MATCH(D$6&"#"&(6-COUNTIFS(e_date,D$6,e_name,"?*")),t_key,0)),""))),"") | E12: =IFERROR(IF(COUNTIFS(e_date,E$6,e_name,"?*")+COUNTIFS(t_date,E$6,t_name,"?*",t_status,"<>❌ Отменена")>6,"… ещё "&(COUNTIFS(e_date,E$6,e_name,"?*")+COUNTIFS(t_date,E$6,t_name,"?*",t_status,"<>❌ Отменена")-5),IF(6<=COUNTIFS(e_date,E$6,e_name,"?*"),INDEX(e_label,MATCH(E$6&"#"&6,e_key,0)),IF(6-COUNTIFS(e_date,E$6,e_name,"?*")<=COUNTIFS(t_date,E$6,t_name,"?*",t_status,"<>❌ Отменена"),INDEX(t_label,MATCH(E$6&"#"&(6-COUNTIFS(e_date,E$6,e_name,"?*")),t_key,0)),""))),"") | F12: =IFERROR(IF(COUNTIFS(e_date,F$6,e_name,"?*")+COUNTIFS(t_date,F$6,t_name,"?*",t_status,"<>❌ Отменена")>6,"… ещё "&(COUNTIFS(e_date,F$6,e_name,"?*")+COUNTIFS(t_date,F$6,t_name,"?*",t_status,"<>❌ Отменена")-5),IF(6<=COUNTIFS(e_date,F$6,e_name,"?*"),INDEX(e_label,MATCH(F$6&"#"&6,e_key,0)),IF(6-COUNTIFS(e_date,F$6,e_name,"?*")<=COUNTIFS(t_date,F$6,t_name,"?*",t_status,"<>❌ Отменена"),INDEX(t_label,MATCH(F$6&"#"&(6-COUNTIFS(e_date,F$6,e_name,"?*")),t_key,0)),""))),"") | G12: =IFERROR(IF(COUNTIFS(e_date,G$6,e_name,"?*")+COUNTIFS(t_date,G$6,t_name,"?*",t_status,"<>❌ Отменена")>6,"… ещё "&(COUNTIFS(e_date,G$6,e_name,"?*")+COUNTIFS(t_date,G$6,t_name,"?*",t_status,"<>❌ Отменена")-5),IF(6<=COUNTIFS(e_date,G$6,e_name,"?*"),INDEX(e_label,MATCH(G$6&"#"&6,e_key,0)),IF(6-COUNTIFS(e_date,G$6,e_name,"?*")<=COUNTIFS(t_date,G$6,t_name,"?*",t_status,"<>❌ Отменена"),INDEX(t_label,MATCH(G$6&"#"&(6-COUNTIFS(e_date,G$6,e_name,"?*")),t_key,0)),""))),"") | H12: =IFERROR(IF(COUNTIFS(e_date,H$6,e_name,"?*")+COUNTIFS(t_date,H$6,t_name,"?*",t_status,"<>❌ Отменена")>6,"… ещё "&(COUNTIFS(e_date,H$6,e_name,"?*")+COUNTIFS(t_date,H$6,t_name,"?*",t_status,"<>❌ Отменена")-5),IF(6<=COUNTIFS(e_date,H$6,e_name,"?*"),INDEX(e_label,MATCH(H$6&"#"&6,e_key,0)),IF(6-COUNTIFS(e_date,H$6,e_name,"?*")<=COUNTIFS(t_date,H$6,t_name,"?*",t_status,"<>❌ Отменена"),INDEX(t_label,MATCH(H$6&"#"&(6-COUNTIFS(e_date,H$6,e_name,"?*")),t_key,0)),""))),"") | J12: ⏱ Часов запланировано | K12: =SUMIFS(e_dur,e_date,">="&DATE(cal_y,cal_m,1),e_date,"<"&DATE(cal_y,cal_m+1,1))
B13: =(DATE(cal_y,cal_m,1)-WEEKDAY(DATE(cal_y,cal_m,1),2)+1)+7 | C13: =(DATE(cal_y,cal_m,1)-WEEKDAY(DATE(cal_y,cal_m,1),2)+1)+8 | D13: =(DATE(cal_y,cal_m,1)-WEEKDAY(DATE(cal_y,cal_m,1),2)+1)+9 | E13: =(DATE(cal_y,cal_m,1)-WEEKDAY(DATE(cal_y,cal_m,1),2)+1)+10 | F13: =(DATE(cal_y,cal_m,1)-WEEKDAY(DATE(cal_y,cal_m,1),2)+1)+11 | G13: =(DATE(cal_y,cal_m,1)-WEEKDAY(DATE(cal_y,cal_m,1),2)+1)+12 | H13: =(DATE(cal_y,cal_m,1)-WEEKDAY(DATE(cal_y,cal_m,1),2)+1)+13 | J13: ⏱ Часов сделано | K13: =SUMIFS(e_dur,e_date,">="&DATE(cal_y,cal_m,1),e_date,"<"&DATE(cal_y,cal_m+1,1),e_status,"✅ Сделано")
B14: =IFERROR(IF(1<=COUNTIFS(e_date,B$13,e_name,"?*"),INDEX(e_label,MATCH(B$13&"#"&1,e_key,0)),IF(1-COUNTIFS(e_date,B$13,e_name,"?*")<=COUNTIFS(t_date,B$13,t_name,"?*",t_status,"<>❌ Отменена"),INDEX(t_label,MATCH(B$13&"#"&(1-COUNTIFS(e_date,B$13,e_name,"?*")),t_key,0)),"")),"") | C14: =IFERROR(IF(1<=COUNTIFS(e_date,C$13,e_name,"?*"),INDEX(e_label,MATCH(C$13&"#"&1,e_key,0)),IF(1-COUNTIFS(e_date,C$13,e_name,"?*")<=COUNTIFS(t_date,C$13,t_name,"?*",t_status,"<>❌ Отменена"),INDEX(t_label,MATCH(C$13&"#"&(1-COUNTIFS(e_date,C$13,e_name,"?*")),t_key,0)),"")),"") | D14: =IFERROR(IF(1<=COUNTIFS(e_date,D$13,e_name,"?*"),INDEX(e_label,MATCH(D$13&"#"&1,e_key,0)),IF(1-COUNTIFS(e_date,D$13,e_name,"?*")<=COUNTIFS(t_date,D$13,t_name,"?*",t_status,"<>❌ Отменена"),INDEX(t_label,MATCH(D$13&"#"&(1-COUNTIFS(e_date,D$13,e_name,"?*")),t_key,0)),"")),"") | E14: =IFERROR(IF(1<=COUNTIFS(e_date,E$13,e_name,"?*"),INDEX(e_label,MATCH(E$13&"#"&1,e_key,0)),IF(1-COUNTIFS(e_date,E$13,e_name,"?*")<=COUNTIFS(t_date,E$13,t_name,"?*",t_status,"<>❌ Отменена"),INDEX(t_label,MATCH(E$13&"#"&(1-COUNTIFS(e_date,E$13,e_name,"?*")),t_key,0)),"")),"") | F14: =IFERROR(IF(1<=COUNTIFS(e_date,F$13,e_name,"?*"),INDEX(e_label,MATCH(F$13&"#"&1,e_key,0)),IF(1-COUNTIFS(e_date,F$13,e_name,"?*")<=COUNTIFS(t_date,F$13,t_name,"?*",t_status,"<>❌ Отменена"),INDEX(t_label,MATCH(F$13&"#"&(1-COUNTIFS(e_date,F$13,e_name,"?*")),t_key,0)),"")),"") | G14: =IFERROR(IF(1<=COUNTIFS(e_date,G$13,e_name,"?*"),INDEX(e_label,MATCH(G$13&"#"&1,e_key,0)),IF(1-COUNTIFS(e_date,G$13,e_name,"?*")<=COUNTIFS(t_date,G$13,t_name,"?*",t_status,"<>❌ Отменена"),INDEX(t_label,MATCH(G$13&"#"&(1-COUNTIFS(e_date,G$13,e_name,"?*")),t_key,0)),"")),"") | H14: =IFERROR(IF(1<=COUNTIFS(e_date,H$13,e_name,"?*"),INDEX(e_label,MATCH(H$13&"#"&1,e_key,0)),IF(1-COUNTIFS(e_date,H$13,e_name,"?*")<=COUNTIFS(t_date,H$13,t_name,"?*",t_status,"<>❌ Отменена"),INDEX(t_label,MATCH(H$13&"#"&(1-COUNTIFS(e_date,H$13,e_name,"?*")),t_key,0)),"")),"")
B15: =IFERROR(IF(2<=COUNTIFS(e_date,B$13,e_name,"?*"),INDEX(e_label,MATCH(B$13&"#"&2,e_key,0)),IF(2-COUNTIFS(e_date,B$13,e_name,"?*")<=COUNTIFS(t_date,B$13,t_name,"?*",t_status,"<>❌ Отменена"),INDEX(t_label,MATCH(B$13&"#"&(2-COUNTIFS(e_date,B$13,e_name,"?*")),t_key,0)),"")),"") | C15: =IFERROR(IF(2<=COUNTIFS(e_date,C$13,e_name,"?*"),INDEX(e_label,MATCH(C$13&"#"&2,e_key,0)),IF(2-COUNTIFS(e_date,C$13,e_name,"?*")<=COUNTIFS(t_date,C$13,t_name,"?*",t_status,"<>❌ Отменена"),INDEX(t_label,MATCH(C$13&"#"&(2-COUNTIFS(e_date,C$13,e_name,"?*")),t_key,0)),"")),"") | D15: =IFERROR(IF(2<=COUNTIFS(e_date,D$13,e_name,"?*"),INDEX(e_label,MATCH(D$13&"#"&2,e_key,0)),IF(2-COUNTIFS(e_date,D$13,e_name,"?*")<=COUNTIFS(t_date,D$13,t_name,"?*",t_status,"<>❌ Отменена"),INDEX(t_label,MATCH(D$13&"#"&(2-COUNTIFS(e_date,D$13,e_name,"?*")),t_key,0)),"")),"") | E15: =IFERROR(IF(2<=COUNTIFS(e_date,E$13,e_name,"?*"),INDEX(e_label,MATCH(E$13&"#"&2,e_key,0)),IF(2-COUNTIFS(e_date,E$13,e_name,"?*")<=COUNTIFS(t_date,E$13,t_name,"?*",t_status,"<>❌ Отменена"),INDEX(t_label,MATCH(E$13&"#"&(2-COUNTIFS(e_date,E$13,e_name,"?*")),t_key,0)),"")),"") | F15: =IFERROR(IF(2<=COUNTIFS(e_date,F$13,e_name,"?*"),INDEX(e_label,MATCH(F$13&"#"&2,e_key,0)),IF(2-COUNTIFS(e_date,F$13,e_name,"?*")<=COUNTIFS(t_date,F$13,t_name,"?*",t_status,"<>❌ Отменена"),INDEX(t_label,MATCH(F$13&"#"&(2-COUNTIFS(e_date,F$13,e_name,"?*")),t_key,0)),"")),"") | G15: =IFERROR(IF(2<=COUNTIFS(e_date,G$13,e_name,"?*"),INDEX(e_label,MATCH(G$13&"#"&2,e_key,0)),IF(2-COUNTIFS(e_date,G$13,e_name,"?*")<=COUNTIFS(t_date,G$13,t_name,"?*",t_status,"<>❌ Отменена"),INDEX(t_label,MATCH(G$13&"#"&(2-COUNTIFS(e_date,G$13,e_name,"?*")),t_key,0)),"")),"") | H15: =IFERROR(IF(2<=COUNTIFS(e_date,H$13,e_name,"?*"),INDEX(e_label,MATCH(H$13&"#"&2,e_key,0)),IF(2-COUNTIFS(e_date,H$13,e_name,"?*")<=COUNTIFS(t_date,H$13,t_name,"?*",t_status,"<>❌ Отменена"),INDEX(t_label,MATCH(H$13&"#"&(2-COUNTIFS(e_date,H$13,e_name,"?*")),t_key,0)),"")),"")
B16: =IFERROR(IF(3<=COUNTIFS(e_date,B$13,e_name,"?*"),INDEX(e_label,MATCH(B$13&"#"&3,e_key,0)),IF(3-COUNTIFS(e_date,B$13,e_name,"?*")<=COUNTIFS(t_date,B$13,t_name,"?*",t_status,"<>❌ Отменена"),INDEX(t_label,MATCH(B$13&"#"&(3-COUNTIFS(e_date,B$13,e_name,"?*")),t_key,0)),"")),"") | C16: =IFERROR(IF(3<=COUNTIFS(e_date,C$13,e_name,"?*"),INDEX(e_label,MATCH(C$13&"#"&3,e_key,0)),IF(3-COUNTIFS(e_date,C$13,e_name,"?*")<=COUNTIFS(t_date,C$13,t_name,"?*",t_status,"<>❌ Отменена"),INDEX(t_label,MATCH(C$13&"#"&(3-COUNTIFS(e_date,C$13,e_name,"?*")),t_key,0)),"")),"") | D16: =IFERROR(IF(3<=COUNTIFS(e_date,D$13,e_name,"?*"),INDEX(e_label,MATCH(D$13&"#"&3,e_key,0)),IF(3-COUNTIFS(e_date,D$13,e_name,"?*")<=COUNTIFS(t_date,D$13,t_name,"?*",t_status,"<>❌ Отменена"),INDEX(t_label,MATCH(D$13&"#"&(3-COUNTIFS(e_date,D$13,e_name,"?*")),t_key,0)),"")),"") | E16: =IFERROR(IF(3<=COUNTIFS(e_date,E$13,e_name,"?*"),INDEX(e_label,MATCH(E$13&"#"&3,e_key,0)),IF(3-COUNTIFS(e_date,E$13,e_name,"?*")<=COUNTIFS(t_date,E$13,t_name,"?*",t_status,"<>❌ Отменена"),INDEX(t_label,MATCH(E$13&"#"&(3-COUNTIFS(e_date,E$13,e_name,"?*")),t_key,0)),"")),"") | F16: =IFERROR(IF(3<=COUNTIFS(e_date,F$13,e_name,"?*"),INDEX(e_label,MATCH(F$13&"#"&3,e_key,0)),IF(3-COUNTIFS(e_date,F$13,e_name,"?*")<=COUNTIFS(t_date,F$13,t_name,"?*",t_status,"<>❌ Отменена"),INDEX(t_label,MATCH(F$13&"#"&(3-COUNTIFS(e_date,F$13,e_name,"?*")),t_key,0)),"")),"") | G16: =IFERROR(IF(3<=COUNTIFS(e_date,G$13,e_name,"?*"),INDEX(e_label,MATCH(G$13&"#"&3,e_key,0)),IF(3-COUNTIFS(e_date,G$13,e_name,"?*")<=COUNTIFS(t_date,G$13,t_name,"?*",t_status,"<>❌ Отменена"),INDEX(t_label,MATCH(G$13&"#"&(3-COUNTIFS(e_date,G$13,e_name,"?*")),t_key,0)),"")),"") | H16: =IFERROR(IF(3<=COUNTIFS(e_date,H$13,e_name,"?*"),INDEX(e_label,MATCH(H$13&"#"&3,e_key,0)),IF(3-COUNTIFS(e_date,H$13,e_name,"?*")<=COUNTIFS(t_date,H$13,t_name,"?*",t_status,"<>❌ Отменена"),INDEX(t_label,MATCH(H$13&"#"&(3-COUNTIFS(e_date,H$13,e_name,"?*")),t_key,0)),"")),"") | J16: 🔎 Обозначения
B17: =IFERROR(IF(4<=COUNTIFS(e_date,B$13,e_name,"?*"),INDEX(e_label,MATCH(B$13&"#"&4,e_key,0)),IF(4-COUNTIFS(e_date,B$13,e_name,"?*")<=COUNTIFS(t_date,B$13,t_name,"?*",t_status,"<>❌ Отменена"),INDEX(t_label,MATCH(B$13&"#"&(4-COUNTIFS(e_date,B$13,e_name,"?*")),t_key,0)),"")),"") | C17: =IFERROR(IF(4<=COUNTIFS(e_date,C$13,e_name,"?*"),INDEX(e_label,MATCH(C$13&"#"&4,e_key,0)),IF(4-COUNTIFS(e_date,C$13,e_name,"?*")<=COUNTIFS(t_date,C$13,t_name,"?*",t_status,"<>❌ Отменена"),INDEX(t_label,MATCH(C$13&"#"&(4-COUNTIFS(e_date,C$13,e_name,"?*")),t_key,0)),"")),"") | D17: =IFERROR(IF(4<=COUNTIFS(e_date,D$13,e_name,"?*"),INDEX(e_label,MATCH(D$13&"#"&4,e_key,0)),IF(4-COUNTIFS(e_date,D$13,e_name,"?*")<=COUNTIFS(t_date,D$13,t_name,"?*",t_status,"<>❌ Отменена"),INDEX(t_label,MATCH(D$13&"#"&(4-COUNTIFS(e_date,D$13,e_name,"?*")),t_key,0)),"")),"") | E17: =IFERROR(IF(4<=COUNTIFS(e_date,E$13,e_name,"?*"),INDEX(e_label,MATCH(E$13&"#"&4,e_key,0)),IF(4-COUNTIFS(e_date,E$13,e_name,"?*")<=COUNTIFS(t_date,E$13,t_name,"?*",t_status,"<>❌ Отменена"),INDEX(t_label,MATCH(E$13&"#"&(4-COUNTIFS(e_date,E$13,e_name,"?*")),t_key,0)),"")),"") | F17: =IFERROR(IF(4<=COUNTIFS(e_date,F$13,e_name,"?*"),INDEX(e_label,MATCH(F$13&"#"&4,e_key,0)),IF(4-COUNTIFS(e_date,F$13,e_name,"?*")<=COUNTIFS(t_date,F$13,t_name,"?*",t_status,"<>❌ Отменена"),INDEX(t_label,MATCH(F$13&"#"&(4-COUNTIFS(e_date,F$13,e_name,"?*")),t_key,0)),"")),"") | G17: =IFERROR(IF(4<=COUNTIFS(e_date,G$13,e_name,"?*"),INDEX(e_label,MATCH(G$13&"#"&4,e_key,0)),IF(4-COUNTIFS(e_date,G$13,e_name,"?*")<=COUNTIFS(t_date,G$13,t_name,"?*",t_status,"<>❌ Отменена"),INDEX(t_label,MATCH(G$13&"#"&(4-COUNTIFS(e_date,G$13,e_name,"?*")),t_key,0)),"")),"") | H17: =IFERROR(IF(4<=COUNTIFS(e_date,H$13,e_name,"?*"),INDEX(e_label,MATCH(H$13&"#"&4,e_key,0)),IF(4-COUNTIFS(e_date,H$13,e_name,"?*")<=COUNTIFS(t_date,H$13,t_name,"?*",t_status,"<>❌ Отменена"),INDEX(t_label,MATCH(H$13&"#"&(4-COUNTIFS(e_date,H$13,e_name,"?*")),t_key,0)),"")),"") | J17: ⏰ 09:00–10:00 — дело из расписания
B18: =IFERROR(IF(5<=COUNTIFS(e_date,B$13,e_name,"?*"),INDEX(e_label,MATCH(B$13&"#"&5,e_key,0)),IF(5-COUNTIFS(e_date,B$13,e_name,"?*")<=COUNTIFS(t_date,B$13,t_name,"?*",t_status,"<>❌ Отменена"),INDEX(t_label,MATCH(B$13&"#"&(5-COUNTIFS(e_date,B$13,e_name,"?*")),t_key,0)),"")),"") | C18: =IFERROR(IF(5<=COUNTIFS(e_date,C$13,e_name,"?*"),INDEX(e_label,MATCH(C$13&"#"&5,e_key,0)),IF(5-COUNTIFS(e_date,C$13,e_name,"?*")<=COUNTIFS(t_date,C$13,t_name,"?*",t_status,"<>❌ Отменена"),INDEX(t_label,MATCH(C$13&"#"&(5-COUNTIFS(e_date,C$13,e_name,"?*")),t_key,0)),"")),"") | D18: =IFERROR(IF(5<=COUNTIFS(e_date,D$13,e_name,"?*"),INDEX(e_label,MATCH(D$13&"#"&5,e_key,0)),IF(5-COUNTIFS(e_date,D$13,e_name,"?*")<=COUNTIFS(t_date,D$13,t_name,"?*",t_status,"<>❌ Отменена"),INDEX(t_label,MATCH(D$13&"#"&(5-COUNTIFS(e_date,D$13,e_name,"?*")),t_key,0)),"")),"") | E18: =IFERROR(IF(5<=COUNTIFS(e_date,E$13,e_name,"?*"),INDEX(e_label,MATCH(E$13&"#"&5,e_key,0)),IF(5-COUNTIFS(e_date,E$13,e_name,"?*")<=COUNTIFS(t_date,E$13,t_name,"?*",t_status,"<>❌ Отменена"),INDEX(t_label,MATCH(E$13&"#"&(5-COUNTIFS(e_date,E$13,e_name,"?*")),t_key,0)),"")),"") | F18: =IFERROR(IF(5<=COUNTIFS(e_date,F$13,e_name,"?*"),INDEX(e_label,MATCH(F$13&"#"&5,e_key,0)),IF(5-COUNTIFS(e_date,F$13,e_name,"?*")<=COUNTIFS(t_date,F$13,t_name,"?*",t_status,"<>❌ Отменена"),INDEX(t_label,MATCH(F$13&"#"&(5-COUNTIFS(e_date,F$13,e_name,"?*")),t_key,0)),"")),"") | G18: =IFERROR(IF(5<=COUNTIFS(e_date,G$13,e_name,"?*"),INDEX(e_label,MATCH(G$13&"#"&5,e_key,0)),IF(5-COUNTIFS(e_date,G$13,e_name,"?*")<=COUNTIFS(t_date,G$13,t_name,"?*",t_status,"<>❌ Отменена"),INDEX(t_label,MATCH(G$13&"#"&(5-COUNTIFS(e_date,G$13,e_name,"?*")),t_key,0)),"")),"") | H18: =IFERROR(IF(5<=COUNTIFS(e_date,H$13,e_name,"?*"),INDEX(e_label,MATCH(H$13&"#"&5,e_key,0)),IF(5-COUNTIFS(e_date,H$13,e_name,"?*")<=COUNTIFS(t_date,H$13,t_name,"?*",t_status,"<>❌ Отменена"),INDEX(t_label,MATCH(H$13&"#"&(5-COUNTIFS(e_date,H$13,e_name,"?*")),t_key,0)),"")),"") | J18: ☐ задача в планах
B19: =IFERROR(IF(COUNTIFS(e_date,B$13,e_name,"?*")+COUNTIFS(t_date,B$13,t_name,"?*",t_status,"<>❌ Отменена")>6,"… ещё "&(COUNTIFS(e_date,B$13,e_name,"?*")+COUNTIFS(t_date,B$13,t_name,"?*",t_status,"<>❌ Отменена")-5),IF(6<=COUNTIFS(e_date,B$13,e_name,"?*"),INDEX(e_label,MATCH(B$13&"#"&6,e_key,0)),IF(6-COUNTIFS(e_date,B$13,e_name,"?*")<=COUNTIFS(t_date,B$13,t_name,"?*",t_status,"<>❌ Отменена"),INDEX(t_label,MATCH(B$13&"#"&(6-COUNTIFS(e_date,B$13,e_name,"?*")),t_key,0)),""))),"") | C19: =IFERROR(IF(COUNTIFS(e_date,C$13,e_name,"?*")+COUNTIFS(t_date,C$13,t_name,"?*",t_status,"<>❌ Отменена")>6,"… ещё "&(COUNTIFS(e_date,C$13,e_name,"?*")+COUNTIFS(t_date,C$13,t_name,"?*",t_status,"<>❌ Отменена")-5),IF(6<=COUNTIFS(e_date,C$13,e_name,"?*"),INDEX(e_label,MATCH(C$13&"#"&6,e_key,0)),IF(6-COUNTIFS(e_date,C$13,e_name,"?*")<=COUNTIFS(t_date,C$13,t_name,"?*",t_status,"<>❌ Отменена"),INDEX(t_label,MATCH(C$13&"#"&(6-COUNTIFS(e_date,C$13,e_name,"?*")),t_key,0)),""))),"") | D19: =IFERROR(IF(COUNTIFS(e_date,D$13,e_name,"?*")+COUNTIFS(t_date,D$13,t_name,"?*",t_status,"<>❌ Отменена")>6,"… ещё "&(COUNTIFS(e_date,D$13,e_name,"?*")+COUNTIFS(t_date,D$13,t_name,"?*",t_status,"<>❌ Отменена")-5),IF(6<=COUNTIFS(e_date,D$13,e_name,"?*"),INDEX(e_label,MATCH(D$13&"#"&6,e_key,0)),IF(6-COUNTIFS(e_date,D$13,e_name,"?*")<=COUNTIFS(t_date,D$13,t_name,"?*",t_status,"<>❌ Отменена"),INDEX(t_label,MATCH(D$13&"#"&(6-COUNTIFS(e_date,D$13,e_name,"?*")),t_key,0)),""))),"") | E19: =IFERROR(IF(COUNTIFS(e_date,E$13,e_name,"?*")+COUNTIFS(t_date,E$13,t_name,"?*",t_status,"<>❌ Отменена")>6,"… ещё "&(COUNTIFS(e_date,E$13,e_name,"?*")+COUNTIFS(t_date,E$13,t_name,"?*",t_status,"<>❌ Отменена")-5),IF(6<=COUNTIFS(e_date,E$13,e_name,"?*"),INDEX(e_label,MATCH(E$13&"#"&6,e_key,0)),IF(6-COUNTIFS(e_date,E$13,e_name,"?*")<=COUNTIFS(t_date,E$13,t_name,"?*",t_status,"<>❌ Отменена"),INDEX(t_label,MATCH(E$13&"#"&(6-COUNTIFS(e_date,E$13,e_name,"?*")),t_key,0)),""))),"") | F19: =IFERROR(IF(COUNTIFS(e_date,F$13,e_name,"?*")+COUNTIFS(t_date,F$13,t_name,"?*",t_status,"<>❌ Отменена")>6,"… ещё "&(COUNTIFS(e_date,F$13,e_name,"?*")+COUNTIFS(t_date,F$13,t_name,"?*",t_status,"<>❌ Отменена")-5),IF(6<=COUNTIFS(e_date,F$13,e_name,"?*"),INDEX(e_label,MATCH(F$13&"#"&6,e_key,0)),IF(6-COUNTIFS(e_date,F$13,e_name,"?*")<=COUNTIFS(t_date,F$13,t_name,"?*",t_status,"<>❌ Отменена"),INDEX(t_label,MATCH(F$13&"#"&(6-COUNTIFS(e_date,F$13,e_name,"?*")),t_key,0)),""))),"") | G19: =IFERROR(IF(COUNTIFS(e_date,G$13,e_name,"?*")+COUNTIFS(t_date,G$13,t_name,"?*",t_status,"<>❌ Отменена")>6,"… ещё "&(COUNTIFS(e_date,G$13,e_name,"?*")+COUNTIFS(t_date,G$13,t_name,"?*",t_status,"<>❌ Отменена")-5),IF(6<=COUNTIFS(e_date,G$13,e_name,"?*"),INDEX(e_label,MATCH(G$13&"#"&6,e_key,0)),IF(6-COUNTIFS(e_date,G$13,e_name,"?*")<=COUNTIFS(t_date,G$13,t_name,"?*",t_status,"<>❌ Отменена"),INDEX(t_label,MATCH(G$13&"#"&(6-COUNTIFS(e_date,G$13,e_name,"?*")),t_key,0)),""))),"") | H19: =IFERROR(IF(COUNTIFS(e_date,H$13,e_name,"?*")+COUNTIFS(t_date,H$13,t_name,"?*",t_status,"<>❌ Отменена")>6,"… ещё "&(COUNTIFS(e_date,H$13,e_name,"?*")+COUNTIFS(t_date,H$13,t_name,"?*",t_status,"<>❌ Отменена")-5),IF(6<=COUNTIFS(e_date,H$13,e_name,"?*"),INDEX(e_label,MATCH(H$13&"#"&6,e_key,0)),IF(6-COUNTIFS(e_date,H$13,e_name,"?*")<=COUNTIFS(t_date,H$13,t_name,"?*",t_status,"<>❌ Отменена"),INDEX(t_label,MATCH(H$13&"#"&(6-COUNTIFS(e_date,H$13,e_name,"?*")),t_key,0)),""))),"") | J19: ❗ задача просрочена
B20: =(DATE(cal_y,cal_m,1)-WEEKDAY(DATE(cal_y,cal_m,1),2)+1)+14 | C20: =(DATE(cal_y,cal_m,1)-WEEKDAY(DATE(cal_y,cal_m,1),2)+1)+15 | D20: =(DATE(cal_y,cal_m,1)-WEEKDAY(DATE(cal_y,cal_m,1),2)+1)+16 | E20: =(DATE(cal_y,cal_m,1)-WEEKDAY(DATE(cal_y,cal_m,1),2)+1)+17 | F20: =(DATE(cal_y,cal_m,1)-WEEKDAY(DATE(cal_y,cal_m,1),2)+1)+18 | G20: =(DATE(cal_y,cal_m,1)-WEEKDAY(DATE(cal_y,cal_m,1),2)+1)+19 | H20: =(DATE(cal_y,cal_m,1)-WEEKDAY(DATE(cal_y,cal_m,1),2)+1)+20 | J20: ✔ сделано (зачёркнуто)
B21: =IFERROR(IF(1<=COUNTIFS(e_date,B$20,e_name,"?*"),INDEX(e_label,MATCH(B$20&"#"&1,e_key,0)),IF(1-COUNTIFS(e_date,B$20,e_name,"?*")<=COUNTIFS(t_date,B$20,t_name,"?*",t_status,"<>❌ Отменена"),INDEX(t_label,MATCH(B$20&"#"&(1-COUNTIFS(e_date,B$20,e_name,"?*")),t_key,0)),"")),"") | C21: =IFERROR(IF(1<=COUNTIFS(e_date,C$20,e_name,"?*"),INDEX(e_label,MATCH(C$20&"#"&1,e_key,0)),IF(1-COUNTIFS(e_date,C$20,e_name,"?*")<=COUNTIFS(t_date,C$20,t_name,"?*",t_status,"<>❌ Отменена"),INDEX(t_label,MATCH(C$20&"#"&(1-COUNTIFS(e_date,C$20,e_name,"?*")),t_key,0)),"")),"") | D21: =IFERROR(IF(1<=COUNTIFS(e_date,D$20,e_name,"?*"),INDEX(e_label,MATCH(D$20&"#"&1,e_key,0)),IF(1-COUNTIFS(e_date,D$20,e_name,"?*")<=COUNTIFS(t_date,D$20,t_name,"?*",t_status,"<>❌ Отменена"),INDEX(t_label,MATCH(D$20&"#"&(1-COUNTIFS(e_date,D$20,e_name,"?*")),t_key,0)),"")),"") | E21: =IFERROR(IF(1<=COUNTIFS(e_date,E$20,e_name,"?*"),INDEX(e_label,MATCH(E$20&"#"&1,e_key,0)),IF(1-COUNTIFS(e_date,E$20,e_name,"?*")<=COUNTIFS(t_date,E$20,t_name,"?*",t_status,"<>❌ Отменена"),INDEX(t_label,MATCH(E$20&"#"&(1-COUNTIFS(e_date,E$20,e_name,"?*")),t_key,0)),"")),"") | F21: =IFERROR(IF(1<=COUNTIFS(e_date,F$20,e_name,"?*"),INDEX(e_label,MATCH(F$20&"#"&1,e_key,0)),IF(1-COUNTIFS(e_date,F$20,e_name,"?*")<=COUNTIFS(t_date,F$20,t_name,"?*",t_status,"<>❌ Отменена"),INDEX(t_label,MATCH(F$20&"#"&(1-COUNTIFS(e_date,F$20,e_name,"?*")),t_key,0)),"")),"") | G21: =IFERROR(IF(1<=COUNTIFS(e_date,G$20,e_name,"?*"),INDEX(e_label,MATCH(G$20&"#"&1,e_key,0)),IF(1-COUNTIFS(e_date,G$20,e_name,"?*")<=COUNTIFS(t_date,G$20,t_name,"?*",t_status,"<>❌ Отменена"),INDEX(t_label,MATCH(G$20&"#"&(1-COUNTIFS(e_date,G$20,e_name,"?*")),t_key,0)),"")),"") | H21: =IFERROR(IF(1<=COUNTIFS(e_date,H$20,e_name,"?*"),INDEX(e_label,MATCH(H$20&"#"&1,e_key,0)),IF(1-COUNTIFS(e_date,H$20,e_name,"?*")<=COUNTIFS(t_date,H$20,t_name,"?*",t_status,"<>❌ Отменена"),INDEX(t_label,MATCH(H$20&"#"&(1-COUNTIFS(e_date,H$20,e_name,"?*")),t_key,0)),"")),"") | J21: ✖ пропущено / отменено
B22: =IFERROR(IF(2<=COUNTIFS(e_date,B$20,e_name,"?*"),INDEX(e_label,MATCH(B$20&"#"&2,e_key,0)),IF(2-COUNTIFS(e_date,B$20,e_name,"?*")<=COUNTIFS(t_date,B$20,t_name,"?*",t_status,"<>❌ Отменена"),INDEX(t_label,MATCH(B$20&"#"&(2-COUNTIFS(e_date,B$20,e_name,"?*")),t_key,0)),"")),"") | C22: =IFERROR(IF(2<=COUNTIFS(e_date,C$20,e_name,"?*"),INDEX(e_label,MATCH(C$20&"#"&2,e_key,0)),IF(2-COUNTIFS(e_date,C$20,e_name,"?*")<=COUNTIFS(t_date,C$20,t_name,"?*",t_status,"<>❌ Отменена"),INDEX(t_label,MATCH(C$20&"#"&(2-COUNTIFS(e_date,C$20,e_name,"?*")),t_key,0)),"")),"") | D22: =IFERROR(IF(2<=COUNTIFS(e_date,D$20,e_name,"?*"),INDEX(e_label,MATCH(D$20&"#"&2,e_key,0)),IF(2-COUNTIFS(e_date,D$20,e_name,"?*")<=COUNTIFS(t_date,D$20,t_name,"?*",t_status,"<>❌ Отменена"),INDEX(t_label,MATCH(D$20&"#"&(2-COUNTIFS(e_date,D$20,e_name,"?*")),t_key,0)),"")),"") | E22: =IFERROR(IF(2<=COUNTIFS(e_date,E$20,e_name,"?*"),INDEX(e_label,MATCH(E$20&"#"&2,e_key,0)),IF(2-COUNTIFS(e_date,E$20,e_name,"?*")<=COUNTIFS(t_date,E$20,t_name,"?*",t_status,"<>❌ Отменена"),INDEX(t_label,MATCH(E$20&"#"&(2-COUNTIFS(e_date,E$20,e_name,"?*")),t_key,0)),"")),"") | F22: =IFERROR(IF(2<=COUNTIFS(e_date,F$20,e_name,"?*"),INDEX(e_label,MATCH(F$20&"#"&2,e_key,0)),IF(2-COUNTIFS(e_date,F$20,e_name,"?*")<=COUNTIFS(t_date,F$20,t_name,"?*",t_status,"<>❌ Отменена"),INDEX(t_label,MATCH(F$20&"#"&(2-COUNTIFS(e_date,F$20,e_name,"?*")),t_key,0)),"")),"") | G22: =IFERROR(IF(2<=COUNTIFS(e_date,G$20,e_name,"?*"),INDEX(e_label,MATCH(G$20&"#"&2,e_key,0)),IF(2-COUNTIFS(e_date,G$20,e_name,"?*")<=COUNTIFS(t_date,G$20,t_name,"?*",t_status,"<>❌ Отменена"),INDEX(t_label,MATCH(G$20&"#"&(2-COUNTIFS(e_date,G$20,e_name,"?*")),t_key,0)),"")),"") | H22: =IFERROR(IF(2<=COUNTIFS(e_date,H$20,e_name,"?*"),INDEX(e_label,MATCH(H$20&"#"&2,e_key,0)),IF(2-COUNTIFS(e_date,H$20,e_name,"?*")<=COUNTIFS(t_date,H$20,t_name,"?*",t_status,"<>❌ Отменена"),INDEX(t_label,MATCH(H$20&"#"&(2-COUNTIFS(e_date,H$20,e_name,"?*")),t_key,0)),"")),"") | J22: 🔥 высокий приоритет
B23: =IFERROR(IF(3<=COUNTIFS(e_date,B$20,e_name,"?*"),INDEX(e_label,MATCH(B$20&"#"&3,e_key,0)),IF(3-COUNTIFS(e_date,B$20,e_name,"?*")<=COUNTIFS(t_date,B$20,t_name,"?*",t_status,"<>❌ Отменена"),INDEX(t_label,MATCH(B$20&"#"&(3-COUNTIFS(e_date,B$20,e_name,"?*")),t_key,0)),"")),"") | C23: =IFERROR(IF(3<=COUNTIFS(e_date,C$20,e_name,"?*"),INDEX(e_label,MATCH(C$20&"#"&3,e_key,0)),IF(3-COUNTIFS(e_date,C$20,e_name,"?*")<=COUNTIFS(t_date,C$20,t_name,"?*",t_status,"<>❌ Отменена"),INDEX(t_label,MATCH(C$20&"#"&(3-COUNTIFS(e_date,C$20,e_name,"?*")),t_key,0)),"")),"") | D23: =IFERROR(IF(3<=COUNTIFS(e_date,D$20,e_name,"?*"),INDEX(e_label,MATCH(D$20&"#"&3,e_key,0)),IF(3-COUNTIFS(e_date,D$20,e_name,"?*")<=COUNTIFS(t_date,D$20,t_name,"?*",t_status,"<>❌ Отменена"),INDEX(t_label,MATCH(D$20&"#"&(3-COUNTIFS(e_date,D$20,e_name,"?*")),t_key,0)),"")),"") | E23: =IFERROR(IF(3<=COUNTIFS(e_date,E$20,e_name,"?*"),INDEX(e_label,MATCH(E$20&"#"&3,e_key,0)),IF(3-COUNTIFS(e_date,E$20,e_name,"?*")<=COUNTIFS(t_date,E$20,t_name,"?*",t_status,"<>❌ Отменена"),INDEX(t_label,MATCH(E$20&"#"&(3-COUNTIFS(e_date,E$20,e_name,"?*")),t_key,0)),"")),"") | F23: =IFERROR(IF(3<=COUNTIFS(e_date,F$20,e_name,"?*"),INDEX(e_label,MATCH(F$20&"#"&3,e_key,0)),IF(3-COUNTIFS(e_date,F$20,e_name,"?*")<=COUNTIFS(t_date,F$20,t_name,"?*",t_status,"<>❌ Отменена"),INDEX(t_label,MATCH(F$20&"#"&(3-COUNTIFS(e_date,F$20,e_name,"?*")),t_key,0)),"")),"") | G23: =IFERROR(IF(3<=COUNTIFS(e_date,G$20,e_name,"?*"),INDEX(e_label,MATCH(G$20&"#"&3,e_key,0)),IF(3-COUNTIFS(e_date,G$20,e_name,"?*")<=COUNTIFS(t_date,G$20,t_name,"?*",t_status,"<>❌ Отменена"),INDEX(t_label,MATCH(G$20&"#"&(3-COUNTIFS(e_date,G$20,e_name,"?*")),t_key,0)),"")),"") | H23: =IFERROR(IF(3<=COUNTIFS(e_date,H$20,e_name,"?*"),INDEX(e_label,MATCH(H$20&"#"&3,e_key,0)),IF(3-COUNTIFS(e_date,H$20,e_name,"?*")<=COUNTIFS(t_date,H$20,t_name,"?*",t_status,"<>❌ Отменена"),INDEX(t_label,MATCH(H$20&"#"&(3-COUNTIFS(e_date,H$20,e_name,"?*")),t_key,0)),"")),"") | J23: … ещё N — не поместилось
B24: =IFERROR(IF(4<=COUNTIFS(e_date,B$20,e_name,"?*"),INDEX(e_label,MATCH(B$20&"#"&4,e_key,0)),IF(4-COUNTIFS(e_date,B$20,e_name,"?*")<=COUNTIFS(t_date,B$20,t_name,"?*",t_status,"<>❌ Отменена"),INDEX(t_label,MATCH(B$20&"#"&(4-COUNTIFS(e_date,B$20,e_name,"?*")),t_key,0)),"")),"") | C24: =IFERROR(IF(4<=COUNTIFS(e_date,C$20,e_name,"?*"),INDEX(e_label,MATCH(C$20&"#"&4,e_key,0)),IF(4-COUNTIFS(e_date,C$20,e_name,"?*")<=COUNTIFS(t_date,C$20,t_name,"?*",t_status,"<>❌ Отменена"),INDEX(t_label,MATCH(C$20&"#"&(4-COUNTIFS(e_date,C$20,e_name,"?*")),t_key,0)),"")),"") | D24: =IFERROR(IF(4<=COUNTIFS(e_date,D$20,e_name,"?*"),INDEX(e_label,MATCH(D$20&"#"&4,e_key,0)),IF(4-COUNTIFS(e_date,D$20,e_name,"?*")<=COUNTIFS(t_date,D$20,t_name,"?*",t_status,"<>❌ Отменена"),INDEX(t_label,MATCH(D$20&"#"&(4-COUNTIFS(e_date,D$20,e_name,"?*")),t_key,0)),"")),"") | E24: =IFERROR(IF(4<=COUNTIFS(e_date,E$20,e_name,"?*"),INDEX(e_label,MATCH(E$20&"#"&4,e_key,0)),IF(4-COUNTIFS(e_date,E$20,e_name,"?*")<=COUNTIFS(t_date,E$20,t_name,"?*",t_status,"<>❌ Отменена"),INDEX(t_label,MATCH(E$20&"#"&(4-COUNTIFS(e_date,E$20,e_name,"?*")),t_key,0)),"")),"") | F24: =IFERROR(IF(4<=COUNTIFS(e_date,F$20,e_name,"?*"),INDEX(e_label,MATCH(F$20&"#"&4,e_key,0)),IF(4-COUNTIFS(e_date,F$20,e_name,"?*")<=COUNTIFS(t_date,F$20,t_name,"?*",t_status,"<>❌ Отменена"),INDEX(t_label,MATCH(F$20&"#"&(4-COUNTIFS(e_date,F$20,e_name,"?*")),t_key,0)),"")),"") | G24: =IFERROR(IF(4<=COUNTIFS(e_date,G$20,e_name,"?*"),INDEX(e_label,MATCH(G$20&"#"&4,e_key,0)),IF(4-COUNTIFS(e_date,G$20,e_name,"?*")<=COUNTIFS(t_date,G$20,t_name,"?*",t_status,"<>❌ Отменена"),INDEX(t_label,MATCH(G$20&"#"&(4-COUNTIFS(e_date,G$20,e_name,"?*")),t_key,0)),"")),"") | H24: =IFERROR(IF(4<=COUNTIFS(e_date,H$20,e_name,"?*"),INDEX(e_label,MATCH(H$20&"#"&4,e_key,0)),IF(4-COUNTIFS(e_date,H$20,e_name,"?*")<=COUNTIFS(t_date,H$20,t_name,"?*",t_status,"<>❌ Отменена"),INDEX(t_label,MATCH(H$20&"#"&(4-COUNTIFS(e_date,H$20,e_name,"?*")),t_key,0)),"")),"") | J24: Тёмный кружок — сегодня
B25: =IFERROR(IF(5<=COUNTIFS(e_date,B$20,e_name,"?*"),INDEX(e_label,MATCH(B$20&"#"&5,e_key,0)),IF(5-COUNTIFS(e_date,B$20,e_name,"?*")<=COUNTIFS(t_date,B$20,t_name,"?*",t_status,"<>❌ Отменена"),INDEX(t_label,MATCH(B$20&"#"&(5-COUNTIFS(e_date,B$20,e_name,"?*")),t_key,0)),"")),"") | C25: =IFERROR(IF(5<=COUNTIFS(e_date,C$20,e_name,"?*"),INDEX(e_label,MATCH(C$20&"#"&5,e_key,0)),IF(5-COUNTIFS(e_date,C$20,e_name,"?*")<=COUNTIFS(t_date,C$20,t_name,"?*",t_status,"<>❌ Отменена"),INDEX(t_label,MATCH(C$20&"#"&(5-COUNTIFS(e_date,C$20,e_name,"?*")),t_key,0)),"")),"") | D25: =IFERROR(IF(5<=COUNTIFS(e_date,D$20,e_name,"?*"),INDEX(e_label,MATCH(D$20&"#"&5,e_key,0)),IF(5-COUNTIFS(e_date,D$20,e_name,"?*")<=COUNTIFS(t_date,D$20,t_name,"?*",t_status,"<>❌ Отменена"),INDEX(t_label,MATCH(D$20&"#"&(5-COUNTIFS(e_date,D$20,e_name,"?*")),t_key,0)),"")),"") | E25: =IFERROR(IF(5<=COUNTIFS(e_date,E$20,e_name,"?*"),INDEX(e_label,MATCH(E$20&"#"&5,e_key,0)),IF(5-COUNTIFS(e_date,E$20,e_name,"?*")<=COUNTIFS(t_date,E$20,t_name,"?*",t_status,"<>❌ Отменена"),INDEX(t_label,MATCH(E$20&"#"&(5-COUNTIFS(e_date,E$20,e_name,"?*")),t_key,0)),"")),"") | F25: =IFERROR(IF(5<=COUNTIFS(e_date,F$20,e_name,"?*"),INDEX(e_label,MATCH(F$20&"#"&5,e_key,0)),IF(5-COUNTIFS(e_date,F$20,e_name,"?*")<=COUNTIFS(t_date,F$20,t_name,"?*",t_status,"<>❌ Отменена"),INDEX(t_label,MATCH(F$20&"#"&(5-COUNTIFS(e_date,F$20,e_name,"?*")),t_key,0)),"")),"") | G25: =IFERROR(IF(5<=COUNTIFS(e_date,G$20,e_name,"?*"),INDEX(e_label,MATCH(G$20&"#"&5,e_key,0)),IF(5-COUNTIFS(e_date,G$20,e_name,"?*")<=COUNTIFS(t_date,G$20,t_name,"?*",t_status,"<>❌ Отменена"),INDEX(t_label,MATCH(G$20&"#"&(5-COUNTIFS(e_date,G$20,e_name,"?*")),t_key,0)),"")),"") | H25: =IFERROR(IF(5<=COUNTIFS(e_date,H$20,e_name,"?*"),INDEX(e_label,MATCH(H$20&"#"&5,e_key,0)),IF(5-COUNTIFS(e_date,H$20,e_name,"?*")<=COUNTIFS(t_date,H$20,t_name,"?*",t_status,"<>❌ Отменена"),INDEX(t_label,MATCH(H$20&"#"&(5-COUNTIFS(e_date,H$20,e_name,"?*")),t_key,0)),"")),"")
B26: =IFERROR(IF(COUNTIFS(e_date,B$20,e_name,"?*")+COUNTIFS(t_date,B$20,t_name,"?*",t_status,"<>❌ Отменена")>6,"… ещё "&(COUNTIFS(e_date,B$20,e_name,"?*")+COUNTIFS(t_date,B$20,t_name,"?*",t_status,"<>❌ Отменена")-5),IF(6<=COUNTIFS(e_date,B$20,e_name,"?*"),INDEX(e_label,MATCH(B$20&"#"&6,e_key,0)),IF(6-COUNTIFS(e_date,B$20,e_name,"?*")<=COUNTIFS(t_date,B$20,t_name,"?*",t_status,"<>❌ Отменена"),INDEX(t_label,MATCH(B$20&"#"&(6-COUNTIFS(e_date,B$20,e_name,"?*")),t_key,0)),""))),"") | C26: =IFERROR(IF(COUNTIFS(e_date,C$20,e_name,"?*")+COUNTIFS(t_date,C$20,t_name,"?*",t_status,"<>❌ Отменена")>6,"… ещё "&(COUNTIFS(e_date,C$20,e_name,"?*")+COUNTIFS(t_date,C$20,t_name,"?*",t_status,"<>❌ Отменена")-5),IF(6<=COUNTIFS(e_date,C$20,e_name,"?*"),INDEX(e_label,MATCH(C$20&"#"&6,e_key,0)),IF(6-COUNTIFS(e_date,C$20,e_name,"?*")<=COUNTIFS(t_date,C$20,t_name,"?*",t_status,"<>❌ Отменена"),INDEX(t_label,MATCH(C$20&"#"&(6-COUNTIFS(e_date,C$20,e_name,"?*")),t_key,0)),""))),"") | D26: =IFERROR(IF(COUNTIFS(e_date,D$20,e_name,"?*")+COUNTIFS(t_date,D$20,t_name,"?*",t_status,"<>❌ Отменена")>6,"… ещё "&(COUNTIFS(e_date,D$20,e_name,"?*")+COUNTIFS(t_date,D$20,t_name,"?*",t_status,"<>❌ Отменена")-5),IF(6<=COUNTIFS(e_date,D$20,e_name,"?*"),INDEX(e_label,MATCH(D$20&"#"&6,e_key,0)),IF(6-COUNTIFS(e_date,D$20,e_name,"?*")<=COUNTIFS(t_date,D$20,t_name,"?*",t_status,"<>❌ Отменена"),INDEX(t_label,MATCH(D$20&"#"&(6-COUNTIFS(e_date,D$20,e_name,"?*")),t_key,0)),""))),"") | E26: =IFERROR(IF(COUNTIFS(e_date,E$20,e_name,"?*")+COUNTIFS(t_date,E$20,t_name,"?*",t_status,"<>❌ Отменена")>6,"… ещё "&(COUNTIFS(e_date,E$20,e_name,"?*")+COUNTIFS(t_date,E$20,t_name,"?*",t_status,"<>❌ Отменена")-5),IF(6<=COUNTIFS(e_date,E$20,e_name,"?*"),INDEX(e_label,MATCH(E$20&"#"&6,e_key,0)),IF(6-COUNTIFS(e_date,E$20,e_name,"?*")<=COUNTIFS(t_date,E$20,t_name,"?*",t_status,"<>❌ Отменена"),INDEX(t_label,MATCH(E$20&"#"&(6-COUNTIFS(e_date,E$20,e_name,"?*")),t_key,0)),""))),"") | F26: =IFERROR(IF(COUNTIFS(e_date,F$20,e_name,"?*")+COUNTIFS(t_date,F$20,t_name,"?*",t_status,"<>❌ Отменена")>6,"… ещё "&(COUNTIFS(e_date,F$20,e_name,"?*")+COUNTIFS(t_date,F$20,t_name,"?*",t_status,"<>❌ Отменена")-5),IF(6<=COUNTIFS(e_date,F$20,e_name,"?*"),INDEX(e_label,MATCH(F$20&"#"&6,e_key,0)),IF(6-COUNTIFS(e_date,F$20,e_name,"?*")<=COUNTIFS(t_date,F$20,t_name,"?*",t_status,"<>❌ Отменена"),INDEX(t_label,MATCH(F$20&"#"&(6-COUNTIFS(e_date,F$20,e_name,"?*")),t_key,0)),""))),"") | G26: =IFERROR(IF(COUNTIFS(e_date,G$20,e_name,"?*")+COUNTIFS(t_date,G$20,t_name,"?*",t_status,"<>❌ Отменена")>6,"… ещё "&(COUNTIFS(e_date,G$20,e_name,"?*")+COUNTIFS(t_date,G$20,t_name,"?*",t_status,"<>❌ Отменена")-5),IF(6<=COUNTIFS(e_date,G$20,e_name,"?*"),INDEX(e_label,MATCH(G$20&"#"&6,e_key,0)),IF(6-COUNTIFS(e_date,G$20,e_name,"?*")<=COUNTIFS(t_date,G$20,t_name,"?*",t_status,"<>❌ Отменена"),INDEX(t_label,MATCH(G$20&"#"&(6-COUNTIFS(e_date,G$20,e_name,"?*")),t_key,0)),""))),"") | H26: =IFERROR(IF(COUNTIFS(e_date,H$20,e_name,"?*")+COUNTIFS(t_date,H$20,t_name,"?*",t_status,"<>❌ Отменена")>6,"… ещё "&(COUNTIFS(e_date,H$20,e_name,"?*")+COUNTIFS(t_date,H$20,t_name,"?*",t_status,"<>❌ Отменена")-5),IF(6<=COUNTIFS(e_date,H$20,e_name,"?*"),INDEX(e_label,MATCH(H$20&"#"&6,e_key,0)),IF(6-COUNTIFS(e_date,H$20,e_name,"?*")<=COUNTIFS(t_date,H$20,t_name,"?*",t_status,"<>❌ Отменена"),INDEX(t_label,MATCH(H$20&"#"&(6-COUNTIFS(e_date,H$20,e_name,"?*")),t_key,0)),""))),"") | J26: Больше 6 записей в день? Полный список — в «🕘 План дня» (фильтр по дате).
B27: =(DATE(cal_y,cal_m,1)-WEEKDAY(DATE(cal_y,cal_m,1),2)+1)+21 | C27: =(DATE(cal_y,cal_m,1)-WEEKDAY(DATE(cal_y,cal_m,1),2)+1)+22 | D27: =(DATE(cal_y,cal_m,1)-WEEKDAY(DATE(cal_y,cal_m,1),2)+1)+23 | E27: =(DATE(cal_y,cal_m,1)-WEEKDAY(DATE(cal_y,cal_m,1),2)+1)+24 | F27: =(DATE(cal_y,cal_m,1)-WEEKDAY(DATE(cal_y,cal_m,1),2)+1)+25 | G27: =(DATE(cal_y,cal_m,1)-WEEKDAY(DATE(cal_y,cal_m,1),2)+1)+26 | H27: =(DATE(cal_y,cal_m,1)-WEEKDAY(DATE(cal_y,cal_m,1),2)+1)+27
B28: =IFERROR(IF(1<=COUNTIFS(e_date,B$27,e_name,"?*"),INDEX(e_label,MATCH(B$27&"#"&1,e_key,0)),IF(1-COUNTIFS(e_date,B$27,e_name,"?*")<=COUNTIFS(t_date,B$27,t_name,"?*",t_status,"<>❌ Отменена"),INDEX(t_label,MATCH(B$27&"#"&(1-COUNTIFS(e_date,B$27,e_name,"?*")),t_key,0)),"")),"") | C28: =IFERROR(IF(1<=COUNTIFS(e_date,C$27,e_name,"?*"),INDEX(e_label,MATCH(C$27&"#"&1,e_key,0)),IF(1-COUNTIFS(e_date,C$27,e_name,"?*")<=COUNTIFS(t_date,C$27,t_name,"?*",t_status,"<>❌ Отменена"),INDEX(t_label,MATCH(C$27&"#"&(1-COUNTIFS(e_date,C$27,e_name,"?*")),t_key,0)),"")),"") | D28: =IFERROR(IF(1<=COUNTIFS(e_date,D$27,e_name,"?*"),INDEX(e_label,MATCH(D$27&"#"&1,e_key,0)),IF(1-COUNTIFS(e_date,D$27,e_name,"?*")<=COUNTIFS(t_date,D$27,t_name,"?*",t_status,"<>❌ Отменена"),INDEX(t_label,MATCH(D$27&"#"&(1-COUNTIFS(e_date,D$27,e_name,"?*")),t_key,0)),"")),"") | E28: =IFERROR(IF(1<=COUNTIFS(e_date,E$27,e_name,"?*"),INDEX(e_label,MATCH(E$27&"#"&1,e_key,0)),IF(1-COUNTIFS(e_date,E$27,e_name,"?*")<=COUNTIFS(t_date,E$27,t_name,"?*",t_status,"<>❌ Отменена"),INDEX(t_label,MATCH(E$27&"#"&(1-COUNTIFS(e_date,E$27,e_name,"?*")),t_key,0)),"")),"") | F28: =IFERROR(IF(1<=COUNTIFS(e_date,F$27,e_name,"?*"),INDEX(e_label,MATCH(F$27&"#"&1,e_key,0)),IF(1-COUNTIFS(e_date,F$27,e_name,"?*")<=COUNTIFS(t_date,F$27,t_name,"?*",t_status,"<>❌ Отменена"),INDEX(t_label,MATCH(F$27&"#"&(1-COUNTIFS(e_date,F$27,e_name,"?*")),t_key,0)),"")),"") | G28: =IFERROR(IF(1<=COUNTIFS(e_date,G$27,e_name,"?*"),INDEX(e_label,MATCH(G$27&"#"&1,e_key,0)),IF(1-COUNTIFS(e_date,G$27,e_name,"?*")<=COUNTIFS(t_date,G$27,t_name,"?*",t_status,"<>❌ Отменена"),INDEX(t_label,MATCH(G$27&"#"&(1-COUNTIFS(e_date,G$27,e_name,"?*")),t_key,0)),"")),"") | H28: =IFERROR(IF(1<=COUNTIFS(e_date,H$27,e_name,"?*"),INDEX(e_label,MATCH(H$27&"#"&1,e_key,0)),IF(1-COUNTIFS(e_date,H$27,e_name,"?*")<=COUNTIFS(t_date,H$27,t_name,"?*",t_status,"<>❌ Отменена"),INDEX(t_label,MATCH(H$27&"#"&(1-COUNTIFS(e_date,H$27,e_name,"?*")),t_key,0)),"")),"")
B29: =IFERROR(IF(2<=COUNTIFS(e_date,B$27,e_name,"?*"),INDEX(e_label,MATCH(B$27&"#"&2,e_key,0)),IF(2-COUNTIFS(e_date,B$27,e_name,"?*")<=COUNTIFS(t_date,B$27,t_name,"?*",t_status,"<>❌ Отменена"),INDEX(t_label,MATCH(B$27&"#"&(2-COUNTIFS(e_date,B$27,e_name,"?*")),t_key,0)),"")),"") | C29: =IFERROR(IF(2<=COUNTIFS(e_date,C$27,e_name,"?*"),INDEX(e_label,MATCH(C$27&"#"&2,e_key,0)),IF(2-COUNTIFS(e_date,C$27,e_name,"?*")<=COUNTIFS(t_date,C$27,t_name,"?*",t_status,"<>❌ Отменена"),INDEX(t_label,MATCH(C$27&"#"&(2-COUNTIFS(e_date,C$27,e_name,"?*")),t_key,0)),"")),"") | D29: =IFERROR(IF(2<=COUNTIFS(e_date,D$27,e_name,"?*"),INDEX(e_label,MATCH(D$27&"#"&2,e_key,0)),IF(2-COUNTIFS(e_date,D$27,e_name,"?*")<=COUNTIFS(t_date,D$27,t_name,"?*",t_status,"<>❌ Отменена"),INDEX(t_label,MATCH(D$27&"#"&(2-COUNTIFS(e_date,D$27,e_name,"?*")),t_key,0)),"")),"") | E29: =IFERROR(IF(2<=COUNTIFS(e_date,E$27,e_name,"?*"),INDEX(e_label,MATCH(E$27&"#"&2,e_key,0)),IF(2-COUNTIFS(e_date,E$27,e_name,"?*")<=COUNTIFS(t_date,E$27,t_name,"?*",t_status,"<>❌ Отменена"),INDEX(t_label,MATCH(E$27&"#"&(2-COUNTIFS(e_date,E$27,e_name,"?*")),t_key,0)),"")),"") | F29: =IFERROR(IF(2<=COUNTIFS(e_date,F$27,e_name,"?*"),INDEX(e_label,MATCH(F$27&"#"&2,e_key,0)),IF(2-COUNTIFS(e_date,F$27,e_name,"?*")<=COUNTIFS(t_date,F$27,t_name,"?*",t_status,"<>❌ Отменена"),INDEX(t_label,MATCH(F$27&"#"&(2-COUNTIFS(e_date,F$27,e_name,"?*")),t_key,0)),"")),"") | G29: =IFERROR(IF(2<=COUNTIFS(e_date,G$27,e_name,"?*"),INDEX(e_label,MATCH(G$27&"#"&2,e_key,0)),IF(2-COUNTIFS(e_date,G$27,e_name,"?*")<=COUNTIFS(t_date,G$27,t_name,"?*",t_status,"<>❌ Отменена"),INDEX(t_label,MATCH(G$27&"#"&(2-COUNTIFS(e_date,G$27,e_name,"?*")),t_key,0)),"")),"") | H29: =IFERROR(IF(2<=COUNTIFS(e_date,H$27,e_name,"?*"),INDEX(e_label,MATCH(H$27&"#"&2,e_key,0)),IF(2-COUNTIFS(e_date,H$27,e_name,"?*")<=COUNTIFS(t_date,H$27,t_name,"?*",t_status,"<>❌ Отменена"),INDEX(t_label,MATCH(H$27&"#"&(2-COUNTIFS(e_date,H$27,e_name,"?*")),t_key,0)),"")),"")
B30: =IFERROR(IF(3<=COUNTIFS(e_date,B$27,e_name,"?*"),INDEX(e_label,MATCH(B$27&"#"&3,e_key,0)),IF(3-COUNTIFS(e_date,B$27,e_name,"?*")<=COUNTIFS(t_date,B$27,t_name,"?*",t_status,"<>❌ Отменена"),INDEX(t_label,MATCH(B$27&"#"&(3-COUNTIFS(e_date,B$27,e_name,"?*")),t_key,0)),"")),"") | C30: =IFERROR(IF(3<=COUNTIFS(e_date,C$27,e_name,"?*"),INDEX(e_label,MATCH(C$27&"#"&3,e_key,0)),IF(3-COUNTIFS(e_date,C$27,e_name,"?*")<=COUNTIFS(t_date,C$27,t_name,"?*",t_status,"<>❌ Отменена"),INDEX(t_label,MATCH(C$27&"#"&(3-COUNTIFS(e_date,C$27,e_name,"?*")),t_key,0)),"")),"") | D30: =IFERROR(IF(3<=COUNTIFS(e_date,D$27,e_name,"?*"),INDEX(e_label,MATCH(D$27&"#"&3,e_key,0)),IF(3-COUNTIFS(e_date,D$27,e_name,"?*")<=COUNTIFS(t_date,D$27,t_name,"?*",t_status,"<>❌ Отменена"),INDEX(t_label,MATCH(D$27&"#"&(3-COUNTIFS(e_date,D$27,e_name,"?*")),t_key,0)),"")),"") | E30: =IFERROR(IF(3<=COUNTIFS(e_date,E$27,e_name,"?*"),INDEX(e_label,MATCH(E$27&"#"&3,e_key,0)),IF(3-COUNTIFS(e_date,E$27,e_name,"?*")<=COUNTIFS(t_date,E$27,t_name,"?*",t_status,"<>❌ Отменена"),INDEX(t_label,MATCH(E$27&"#"&(3-COUNTIFS(e_date,E$27,e_name,"?*")),t_key,0)),"")),"") | F30: =IFERROR(IF(3<=COUNTIFS(e_date,F$27,e_name,"?*"),INDEX(e_label,MATCH(F$27&"#"&3,e_key,0)),IF(3-COUNTIFS(e_date,F$27,e_name,"?*")<=COUNTIFS(t_date,F$27,t_name,"?*",t_status,"<>❌ Отменена"),INDEX(t_label,MATCH(F$27&"#"&(3-COUNTIFS(e_date,F$27,e_name,"?*")),t_key,0)),"")),"") | G30: =IFERROR(IF(3<=COUNTIFS(e_date,G$27,e_name,"?*"),INDEX(e_label,MATCH(G$27&"#"&3,e_key,0)),IF(3-COUNTIFS(e_date,G$27,e_name,"?*")<=COUNTIFS(t_date,G$27,t_name,"?*",t_status,"<>❌ Отменена"),INDEX(t_label,MATCH(G$27&"#"&(3-COUNTIFS(e_date,G$27,e_name,"?*")),t_key,0)),"")),"") | H30: =IFERROR(IF(3<=COUNTIFS(e_date,H$27,e_name,"?*"),INDEX(e_label,MATCH(H$27&"#"&3,e_key,0)),IF(3-COUNTIFS(e_date,H$27,e_name,"?*")<=COUNTIFS(t_date,H$27,t_name,"?*",t_status,"<>❌ Отменена"),INDEX(t_label,MATCH(H$27&"#"&(3-COUNTIFS(e_date,H$27,e_name,"?*")),t_key,0)),"")),"")
B31: =IFERROR(IF(4<=COUNTIFS(e_date,B$27,e_name,"?*"),INDEX(e_label,MATCH(B$27&"#"&4,e_key,0)),IF(4-COUNTIFS(e_date,B$27,e_name,"?*")<=COUNTIFS(t_date,B$27,t_name,"?*",t_status,"<>❌ Отменена"),INDEX(t_label,MATCH(B$27&"#"&(4-COUNTIFS(e_date,B$27,e_name,"?*")),t_key,0)),"")),"") | C31: =IFERROR(IF(4<=COUNTIFS(e_date,C$27,e_name,"?*"),INDEX(e_label,MATCH(C$27&"#"&4,e_key,0)),IF(4-COUNTIFS(e_date,C$27,e_name,"?*")<=COUNTIFS(t_date,C$27,t_name,"?*",t_status,"<>❌ Отменена"),INDEX(t_label,MATCH(C$27&"#"&(4-COUNTIFS(e_date,C$27,e_name,"?*")),t_key,0)),"")),"") | D31: =IFERROR(IF(4<=COUNTIFS(e_date,D$27,e_name,"?*"),INDEX(e_label,MATCH(D$27&"#"&4,e_key,0)),IF(4-COUNTIFS(e_date,D$27,e_name,"?*")<=COUNTIFS(t_date,D$27,t_name,"?*",t_status,"<>❌ Отменена"),INDEX(t_label,MATCH(D$27&"#"&(4-COUNTIFS(e_date,D$27,e_name,"?*")),t_key,0)),"")),"") | E31: =IFERROR(IF(4<=COUNTIFS(e_date,E$27,e_name,"?*"),INDEX(e_label,MATCH(E$27&"#"&4,e_key,0)),IF(4-COUNTIFS(e_date,E$27,e_name,"?*")<=COUNTIFS(t_date,E$27,t_name,"?*",t_status,"<>❌ Отменена"),INDEX(t_label,MATCH(E$27&"#"&(4-COUNTIFS(e_date,E$27,e_name,"?*")),t_key,0)),"")),"") | F31: =IFERROR(IF(4<=COUNTIFS(e_date,F$27,e_name,"?*"),INDEX(e_label,MATCH(F$27&"#"&4,e_key,0)),IF(4-COUNTIFS(e_date,F$27,e_name,"?*")<=COUNTIFS(t_date,F$27,t_name,"?*",t_status,"<>❌ Отменена"),INDEX(t_label,MATCH(F$27&"#"&(4-COUNTIFS(e_date,F$27,e_name,"?*")),t_key,0)),"")),"") | G31: =IFERROR(IF(4<=COUNTIFS(e_date,G$27,e_name,"?*"),INDEX(e_label,MATCH(G$27&"#"&4,e_key,0)),IF(4-COUNTIFS(e_date,G$27,e_name,"?*")<=COUNTIFS(t_date,G$27,t_name,"?*",t_status,"<>❌ Отменена"),INDEX(t_label,MATCH(G$27&"#"&(4-COUNTIFS(e_date,G$27,e_name,"?*")),t_key,0)),"")),"") | H31: =IFERROR(IF(4<=COUNTIFS(e_date,H$27,e_name,"?*"),INDEX(e_label,MATCH(H$27&"#"&4,e_key,0)),IF(4-COUNTIFS(e_date,H$27,e_name,"?*")<=COUNTIFS(t_date,H$27,t_name,"?*",t_status,"<>❌ Отменена"),INDEX(t_label,MATCH(H$27&"#"&(4-COUNTIFS(e_date,H$27,e_name,"?*")),t_key,0)),"")),"")
B32: =IFERROR(IF(5<=COUNTIFS(e_date,B$27,e_name,"?*"),INDEX(e_label,MATCH(B$27&"#"&5,e_key,0)),IF(5-COUNTIFS(e_date,B$27,e_name,"?*")<=COUNTIFS(t_date,B$27,t_name,"?*",t_status,"<>❌ Отменена"),INDEX(t_label,MATCH(B$27&"#"&(5-COUNTIFS(e_date,B$27,e_name,"?*")),t_key,0)),"")),"") | C32: =IFERROR(IF(5<=COUNTIFS(e_date,C$27,e_name,"?*"),INDEX(e_label,MATCH(C$27&"#"&5,e_key,0)),IF(5-COUNTIFS(e_date,C$27,e_name,"?*")<=COUNTIFS(t_date,C$27,t_name,"?*",t_status,"<>❌ Отменена"),INDEX(t_label,MATCH(C$27&"#"&(5-COUNTIFS(e_date,C$27,e_name,"?*")),t_key,0)),"")),"") | D32: =IFERROR(IF(5<=COUNTIFS(e_date,D$27,e_name,"?*"),INDEX(e_label,MATCH(D$27&"#"&5,e_key,0)),IF(5-COUNTIFS(e_date,D$27,e_name,"?*")<=COUNTIFS(t_date,D$27,t_name,"?*",t_status,"<>❌ Отменена"),INDEX(t_label,MATCH(D$27&"#"&(5-COUNTIFS(e_date,D$27,e_name,"?*")),t_key,0)),"")),"") | E32: =IFERROR(IF(5<=COUNTIFS(e_date,E$27,e_name,"?*"),INDEX(e_label,MATCH(E$27&"#"&5,e_key,0)),IF(5-COUNTIFS(e_date,E$27,e_name,"?*")<=COUNTIFS(t_date,E$27,t_name,"?*",t_status,"<>❌ Отменена"),INDEX(t_label,MATCH(E$27&"#"&(5-COUNTIFS(e_date,E$27,e_name,"?*")),t_key,0)),"")),"") | F32: =IFERROR(IF(5<=COUNTIFS(e_date,F$27,e_name,"?*"),INDEX(e_label,MATCH(F$27&"#"&5,e_key,0)),IF(5-COUNTIFS(e_date,F$27,e_name,"?*")<=COUNTIFS(t_date,F$27,t_name,"?*",t_status,"<>❌ Отменена"),INDEX(t_label,MATCH(F$27&"#"&(5-COUNTIFS(e_date,F$27,e_name,"?*")),t_key,0)),"")),"") | G32: =IFERROR(IF(5<=COUNTIFS(e_date,G$27,e_name,"?*"),INDEX(e_label,MATCH(G$27&"#"&5,e_key,0)),IF(5-COUNTIFS(e_date,G$27,e_name,"?*")<=COUNTIFS(t_date,G$27,t_name,"?*",t_status,"<>❌ Отменена"),INDEX(t_label,MATCH(G$27&"#"&(5-COUNTIFS(e_date,G$27,e_name,"?*")),t_key,0)),"")),"") | H32: =IFERROR(IF(5<=COUNTIFS(e_date,H$27,e_name,"?*"),INDEX(e_label,MATCH(H$27&"#"&5,e_key,0)),IF(5-COUNTIFS(e_date,H$27,e_name,"?*")<=COUNTIFS(t_date,H$27,t_name,"?*",t_status,"<>❌ Отменена"),INDEX(t_label,MATCH(H$27&"#"&(5-COUNTIFS(e_date,H$27,e_name,"?*")),t_key,0)),"")),"")
B33: =IFERROR(IF(COUNTIFS(e_date,B$27,e_name,"?*")+COUNTIFS(t_date,B$27,t_name,"?*",t_status,"<>❌ Отменена")>6,"… ещё "&(COUNTIFS(e_date,B$27,e_name,"?*")+COUNTIFS(t_date,B$27,t_name,"?*",t_status,"<>❌ Отменена")-5),IF(6<=COUNTIFS(e_date,B$27,e_name,"?*"),INDEX(e_label,MATCH(B$27&"#"&6,e_key,0)),IF(6-COUNTIFS(e_date,B$27,e_name,"?*")<=COUNTIFS(t_date,B$27,t_name,"?*",t_status,"<>❌ Отменена"),INDEX(t_label,MATCH(B$27&"#"&(6-COUNTIFS(e_date,B$27,e_name,"?*")),t_key,0)),""))),"") | C33: =IFERROR(IF(COUNTIFS(e_date,C$27,e_name,"?*")+COUNTIFS(t_date,C$27,t_name,"?*",t_status,"<>❌ Отменена")>6,"… ещё "&(COUNTIFS(e_date,C$27,e_name,"?*")+COUNTIFS(t_date,C$27,t_name,"?*",t_status,"<>❌ Отменена")-5),IF(6<=COUNTIFS(e_date,C$27,e_name,"?*"),INDEX(e_label,MATCH(C$27&"#"&6,e_key,0)),IF(6-COUNTIFS(e_date,C$27,e_name,"?*")<=COUNTIFS(t_date,C$27,t_name,"?*",t_status,"<>❌ Отменена"),INDEX(t_label,MATCH(C$27&"#"&(6-COUNTIFS(e_date,C$27,e_name,"?*")),t_key,0)),""))),"") | D33: =IFERROR(IF(COUNTIFS(e_date,D$27,e_name,"?*")+COUNTIFS(t_date,D$27,t_name,"?*",t_status,"<>❌ Отменена")>6,"… ещё "&(COUNTIFS(e_date,D$27,e_name,"?*")+COUNTIFS(t_date,D$27,t_name,"?*",t_status,"<>❌ Отменена")-5),IF(6<=COUNTIFS(e_date,D$27,e_name,"?*"),INDEX(e_label,MATCH(D$27&"#"&6,e_key,0)),IF(6-COUNTIFS(e_date,D$27,e_name,"?*")<=COUNTIFS(t_date,D$27,t_name,"?*",t_status,"<>❌ Отменена"),INDEX(t_label,MATCH(D$27&"#"&(6-COUNTIFS(e_date,D$27,e_name,"?*")),t_key,0)),""))),"") | E33: =IFERROR(IF(COUNTIFS(e_date,E$27,e_name,"?*")+COUNTIFS(t_date,E$27,t_name,"?*",t_status,"<>❌ Отменена")>6,"… ещё "&(COUNTIFS(e_date,E$27,e_name,"?*")+COUNTIFS(t_date,E$27,t_name,"?*",t_status,"<>❌ Отменена")-5),IF(6<=COUNTIFS(e_date,E$27,e_name,"?*"),INDEX(e_label,MATCH(E$27&"#"&6,e_key,0)),IF(6-COUNTIFS(e_date,E$27,e_name,"?*")<=COUNTIFS(t_date,E$27,t_name,"?*",t_status,"<>❌ Отменена"),INDEX(t_label,MATCH(E$27&"#"&(6-COUNTIFS(e_date,E$27,e_name,"?*")),t_key,0)),""))),"") | F33: =IFERROR(IF(COUNTIFS(e_date,F$27,e_name,"?*")+COUNTIFS(t_date,F$27,t_name,"?*",t_status,"<>❌ Отменена")>6,"… ещё "&(COUNTIFS(e_date,F$27,e_name,"?*")+COUNTIFS(t_date,F$27,t_name,"?*",t_status,"<>❌ Отменена")-5),IF(6<=COUNTIFS(e_date,F$27,e_name,"?*"),INDEX(e_label,MATCH(F$27&"#"&6,e_key,0)),IF(6-COUNTIFS(e_date,F$27,e_name,"?*")<=COUNTIFS(t_date,F$27,t_name,"?*",t_status,"<>❌ Отменена"),INDEX(t_label,MATCH(F$27&"#"&(6-COUNTIFS(e_date,F$27,e_name,"?*")),t_key,0)),""))),"") | G33: =IFERROR(IF(COUNTIFS(e_date,G$27,e_name,"?*")+COUNTIFS(t_date,G$27,t_name,"?*",t_status,"<>❌ Отменена")>6,"… ещё "&(COUNTIFS(e_date,G$27,e_name,"?*")+COUNTIFS(t_date,G$27,t_name,"?*",t_status,"<>❌ Отменена")-5),IF(6<=COUNTIFS(e_date,G$27,e_name,"?*"),INDEX(e_label,MATCH(G$27&"#"&6,e_key,0)),IF(6-COUNTIFS(e_date,G$27,e_name,"?*")<=COUNTIFS(t_date,G$27,t_name,"?*",t_status,"<>❌ Отменена"),INDEX(t_label,MATCH(G$27&"#"&(6-COUNTIFS(e_date,G$27,e_name,"?*")),t_key,0)),""))),"") | H33: =IFERROR(IF(COUNTIFS(e_date,H$27,e_name,"?*")+COUNTIFS(t_date,H$27,t_name,"?*",t_status,"<>❌ Отменена")>6,"… ещё "&(COUNTIFS(e_date,H$27,e_name,"?*")+COUNTIFS(t_date,H$27,t_name,"?*",t_status,"<>❌ Отменена")-5),IF(6<=COUNTIFS(e_date,H$27,e_name,"?*"),INDEX(e_label,MATCH(H$27&"#"&6,e_key,0)),IF(6-COUNTIFS(e_date,H$27,e_name,"?*")<=COUNTIFS(t_date,H$27,t_name,"?*",t_status,"<>❌ Отменена"),INDEX(t_label,MATCH(H$27&"#"&(6-COUNTIFS(e_date,H$27,e_name,"?*")),t_key,0)),""))),"")
B34: =(DATE(cal_y,cal_m,1)-WEEKDAY(DATE(cal_y,cal_m,1),2)+1)+28 | C34: =(DATE(cal_y,cal_m,1)-WEEKDAY(DATE(cal_y,cal_m,1),2)+1)+29 | D34: =(DATE(cal_y,cal_m,1)-WEEKDAY(DATE(cal_y,cal_m,1),2)+1)+30 | E34: =(DATE(cal_y,cal_m,1)-WEEKDAY(DATE(cal_y,cal_m,1),2)+1)+31 | F34: =(DATE(cal_y,cal_m,1)-WEEKDAY(DATE(cal_y,cal_m,1),2)+1)+32 | G34: =(DATE(cal_y,cal_m,1)-WEEKDAY(DATE(cal_y,cal_m,1),2)+1)+33 | H34: =(DATE(cal_y,cal_m,1)-WEEKDAY(DATE(cal_y,cal_m,1),2)+1)+34
B35: =IFERROR(IF(1<=COUNTIFS(e_date,B$34,e_name,"?*"),INDEX(e_label,MATCH(B$34&"#"&1,e_key,0)),IF(1-COUNTIFS(e_date,B$34,e_name,"?*")<=COUNTIFS(t_date,B$34,t_name,"?*",t_status,"<>❌ Отменена"),INDEX(t_label,MATCH(B$34&"#"&(1-COUNTIFS(e_date,B$34,e_name,"?*")),t_key,0)),"")),"") | C35: =IFERROR(IF(1<=COUNTIFS(e_date,C$34,e_name,"?*"),INDEX(e_label,MATCH(C$34&"#"&1,e_key,0)),IF(1-COUNTIFS(e_date,C$34,e_name,"?*")<=COUNTIFS(t_date,C$34,t_name,"?*",t_status,"<>❌ Отменена"),INDEX(t_label,MATCH(C$34&"#"&(1-COUNTIFS(e_date,C$34,e_name,"?*")),t_key,0)),"")),"") | D35: =IFERROR(IF(1<=COUNTIFS(e_date,D$34,e_name,"?*"),INDEX(e_label,MATCH(D$34&"#"&1,e_key,0)),IF(1-COUNTIFS(e_date,D$34,e_name,"?*")<=COUNTIFS(t_date,D$34,t_name,"?*",t_status,"<>❌ Отменена"),INDEX(t_label,MATCH(D$34&"#"&(1-COUNTIFS(e_date,D$34,e_name,"?*")),t_key,0)),"")),"") | E35: =IFERROR(IF(1<=COUNTIFS(e_date,E$34,e_name,"?*"),INDEX(e_label,MATCH(E$34&"#"&1,e_key,0)),IF(1-COUNTIFS(e_date,E$34,e_name,"?*")<=COUNTIFS(t_date,E$34,t_name,"?*",t_status,"<>❌ Отменена"),INDEX(t_label,MATCH(E$34&"#"&(1-COUNTIFS(e_date,E$34,e_name,"?*")),t_key,0)),"")),"") | F35: =IFERROR(IF(1<=COUNTIFS(e_date,F$34,e_name,"?*"),INDEX(e_label,MATCH(F$34&"#"&1,e_key,0)),IF(1-COUNTIFS(e_date,F$34,e_name,"?*")<=COUNTIFS(t_date,F$34,t_name,"?*",t_status,"<>❌ Отменена"),INDEX(t_label,MATCH(F$34&"#"&(1-COUNTIFS(e_date,F$34,e_name,"?*")),t_key,0)),"")),"") | G35: =IFERROR(IF(1<=COUNTIFS(e_date,G$34,e_name,"?*"),INDEX(e_label,MATCH(G$34&"#"&1,e_key,0)),IF(1-COUNTIFS(e_date,G$34,e_name,"?*")<=COUNTIFS(t_date,G$34,t_name,"?*",t_status,"<>❌ Отменена"),INDEX(t_label,MATCH(G$34&"#"&(1-COUNTIFS(e_date,G$34,e_name,"?*")),t_key,0)),"")),"") | H35: =IFERROR(IF(1<=COUNTIFS(e_date,H$34,e_name,"?*"),INDEX(e_label,MATCH(H$34&"#"&1,e_key,0)),IF(1-COUNTIFS(e_date,H$34,e_name,"?*")<=COUNTIFS(t_date,H$34,t_name,"?*",t_status,"<>❌ Отменена"),INDEX(t_label,MATCH(H$34&"#"&(1-COUNTIFS(e_date,H$34,e_name,"?*")),t_key,0)),"")),"")
B36: =IFERROR(IF(2<=COUNTIFS(e_date,B$34,e_name,"?*"),INDEX(e_label,MATCH(B$34&"#"&2,e_key,0)),IF(2-COUNTIFS(e_date,B$34,e_name,"?*")<=COUNTIFS(t_date,B$34,t_name,"?*",t_status,"<>❌ Отменена"),INDEX(t_label,MATCH(B$34&"#"&(2-COUNTIFS(e_date,B$34,e_name,"?*")),t_key,0)),"")),"") | C36: =IFERROR(IF(2<=COUNTIFS(e_date,C$34,e_name,"?*"),INDEX(e_label,MATCH(C$34&"#"&2,e_key,0)),IF(2-COUNTIFS(e_date,C$34,e_name,"?*")<=COUNTIFS(t_date,C$34,t_name,"?*",t_status,"<>❌ Отменена"),INDEX(t_label,MATCH(C$34&"#"&(2-COUNTIFS(e_date,C$34,e_name,"?*")),t_key,0)),"")),"") | D36: =IFERROR(IF(2<=COUNTIFS(e_date,D$34,e_name,"?*"),INDEX(e_label,MATCH(D$34&"#"&2,e_key,0)),IF(2-COUNTIFS(e_date,D$34,e_name,"?*")<=COUNTIFS(t_date,D$34,t_name,"?*",t_status,"<>❌ Отменена"),INDEX(t_label,MATCH(D$34&"#"&(2-COUNTIFS(e_date,D$34,e_name,"?*")),t_key,0)),"")),"") | E36: =IFERROR(IF(2<=COUNTIFS(e_date,E$34,e_name,"?*"),INDEX(e_label,MATCH(E$34&"#"&2,e_key,0)),IF(2-COUNTIFS(e_date,E$34,e_name,"?*")<=COUNTIFS(t_date,E$34,t_name,"?*",t_status,"<>❌ Отменена"),INDEX(t_label,MATCH(E$34&"#"&(2-COUNTIFS(e_date,E$34,e_name,"?*")),t_key,0)),"")),"") | F36: =IFERROR(IF(2<=COUNTIFS(e_date,F$34,e_name,"?*"),INDEX(e_label,MATCH(F$34&"#"&2,e_key,0)),IF(2-COUNTIFS(e_date,F$34,e_name,"?*")<=COUNTIFS(t_date,F$34,t_name,"?*",t_status,"<>❌ Отменена"),INDEX(t_label,MATCH(F$34&"#"&(2-COUNTIFS(e_date,F$34,e_name,"?*")),t_key,0)),"")),"") | G36: =IFERROR(IF(2<=COUNTIFS(e_date,G$34,e_name,"?*"),INDEX(e_label,MATCH(G$34&"#"&2,e_key,0)),IF(2-COUNTIFS(e_date,G$34,e_name,"?*")<=COUNTIFS(t_date,G$34,t_name,"?*",t_status,"<>❌ Отменена"),INDEX(t_label,MATCH(G$34&"#"&(2-COUNTIFS(e_date,G$34,e_name,"?*")),t_key,0)),"")),"") | H36: =IFERROR(IF(2<=COUNTIFS(e_date,H$34,e_name,"?*"),INDEX(e_label,MATCH(H$34&"#"&2,e_key,0)),IF(2-COUNTIFS(e_date,H$34,e_name,"?*")<=COUNTIFS(t_date,H$34,t_name,"?*",t_status,"<>❌ Отменена"),INDEX(t_label,MATCH(H$34&"#"&(2-COUNTIFS(e_date,H$34,e_name,"?*")),t_key,0)),"")),"")
B37: =IFERROR(IF(3<=COUNTIFS(e_date,B$34,e_name,"?*"),INDEX(e_label,MATCH(B$34&"#"&3,e_key,0)),IF(3-COUNTIFS(e_date,B$34,e_name,"?*")<=COUNTIFS(t_date,B$34,t_name,"?*",t_status,"<>❌ Отменена"),INDEX(t_label,MATCH(B$34&"#"&(3-COUNTIFS(e_date,B$34,e_name,"?*")),t_key,0)),"")),"") | C37: =IFERROR(IF(3<=COUNTIFS(e_date,C$34,e_name,"?*"),INDEX(e_label,MATCH(C$34&"#"&3,e_key,0)),IF(3-COUNTIFS(e_date,C$34,e_name,"?*")<=COUNTIFS(t_date,C$34,t_name,"?*",t_status,"<>❌ Отменена"),INDEX(t_label,MATCH(C$34&"#"&(3-COUNTIFS(e_date,C$34,e_name,"?*")),t_key,0)),"")),"") | D37: =IFERROR(IF(3<=COUNTIFS(e_date,D$34,e_name,"?*"),INDEX(e_label,MATCH(D$34&"#"&3,e_key,0)),IF(3-COUNTIFS(e_date,D$34,e_name,"?*")<=COUNTIFS(t_date,D$34,t_name,"?*",t_status,"<>❌ Отменена"),INDEX(t_label,MATCH(D$34&"#"&(3-COUNTIFS(e_date,D$34,e_name,"?*")),t_key,0)),"")),"") | E37: =IFERROR(IF(3<=COUNTIFS(e_date,E$34,e_name,"?*"),INDEX(e_label,MATCH(E$34&"#"&3,e_key,0)),IF(3-COUNTIFS(e_date,E$34,e_name,"?*")<=COUNTIFS(t_date,E$34,t_name,"?*",t_status,"<>❌ Отменена"),INDEX(t_label,MATCH(E$34&"#"&(3-COUNTIFS(e_date,E$34,e_name,"?*")),t_key,0)),"")),"") | F37: =IFERROR(IF(3<=COUNTIFS(e_date,F$34,e_name,"?*"),INDEX(e_label,MATCH(F$34&"#"&3,e_key,0)),IF(3-COUNTIFS(e_date,F$34,e_name,"?*")<=COUNTIFS(t_date,F$34,t_name,"?*",t_status,"<>❌ Отменена"),INDEX(t_label,MATCH(F$34&"#"&(3-COUNTIFS(e_date,F$34,e_name,"?*")),t_key,0)),"")),"") | G37: =IFERROR(IF(3<=COUNTIFS(e_date,G$34,e_name,"?*"),INDEX(e_label,MATCH(G$34&"#"&3,e_key,0)),IF(3-COUNTIFS(e_date,G$34,e_name,"?*")<=COUNTIFS(t_date,G$34,t_name,"?*",t_status,"<>❌ Отменена"),INDEX(t_label,MATCH(G$34&"#"&(3-COUNTIFS(e_date,G$34,e_name,"?*")),t_key,0)),"")),"") | H37: =IFERROR(IF(3<=COUNTIFS(e_date,H$34,e_name,"?*"),INDEX(e_label,MATCH(H$34&"#"&3,e_key,0)),IF(3-COUNTIFS(e_date,H$34,e_name,"?*")<=COUNTIFS(t_date,H$34,t_name,"?*",t_status,"<>❌ Отменена"),INDEX(t_label,MATCH(H$34&"#"&(3-COUNTIFS(e_date,H$34,e_name,"?*")),t_key,0)),"")),"")
B38: =IFERROR(IF(4<=COUNTIFS(e_date,B$34,e_name,"?*"),INDEX(e_label,MATCH(B$34&"#"&4,e_key,0)),IF(4-COUNTIFS(e_date,B$34,e_name,"?*")<=COUNTIFS(t_date,B$34,t_name,"?*",t_status,"<>❌ Отменена"),INDEX(t_label,MATCH(B$34&"#"&(4-COUNTIFS(e_date,B$34,e_name,"?*")),t_key,0)),"")),"") | C38: =IFERROR(IF(4<=COUNTIFS(e_date,C$34,e_name,"?*"),INDEX(e_label,MATCH(C$34&"#"&4,e_key,0)),IF(4-COUNTIFS(e_date,C$34,e_name,"?*")<=COUNTIFS(t_date,C$34,t_name,"?*",t_status,"<>❌ Отменена"),INDEX(t_label,MATCH(C$34&"#"&(4-COUNTIFS(e_date,C$34,e_name,"?*")),t_key,0)),"")),"") | D38: =IFERROR(IF(4<=COUNTIFS(e_date,D$34,e_name,"?*"),INDEX(e_label,MATCH(D$34&"#"&4,e_key,0)),IF(4-COUNTIFS(e_date,D$34,e_name,"?*")<=COUNTIFS(t_date,D$34,t_name,"?*",t_status,"<>❌ Отменена"),INDEX(t_label,MATCH(D$34&"#"&(4-COUNTIFS(e_date,D$34,e_name,"?*")),t_key,0)),"")),"") | E38: =IFERROR(IF(4<=COUNTIFS(e_date,E$34,e_name,"?*"),INDEX(e_label,MATCH(E$34&"#"&4,e_key,0)),IF(4-COUNTIFS(e_date,E$34,e_name,"?*")<=COUNTIFS(t_date,E$34,t_name,"?*",t_status,"<>❌ Отменена"),INDEX(t_label,MATCH(E$34&"#"&(4-COUNTIFS(e_date,E$34,e_name,"?*")),t_key,0)),"")),"") | F38: =IFERROR(IF(4<=COUNTIFS(e_date,F$34,e_name,"?*"),INDEX(e_label,MATCH(F$34&"#"&4,e_key,0)),IF(4-COUNTIFS(e_date,F$34,e_name,"?*")<=COUNTIFS(t_date,F$34,t_name,"?*",t_status,"<>❌ Отменена"),INDEX(t_label,MATCH(F$34&"#"&(4-COUNTIFS(e_date,F$34,e_name,"?*")),t_key,0)),"")),"") | G38: =IFERROR(IF(4<=COUNTIFS(e_date,G$34,e_name,"?*"),INDEX(e_label,MATCH(G$34&"#"&4,e_key,0)),IF(4-COUNTIFS(e_date,G$34,e_name,"?*")<=COUNTIFS(t_date,G$34,t_name,"?*",t_status,"<>❌ Отменена"),INDEX(t_label,MATCH(G$34&"#"&(4-COUNTIFS(e_date,G$34,e_name,"?*")),t_key,0)),"")),"") | H38: =IFERROR(IF(4<=COUNTIFS(e_date,H$34,e_name,"?*"),INDEX(e_label,MATCH(H$34&"#"&4,e_key,0)),IF(4-COUNTIFS(e_date,H$34,e_name,"?*")<=COUNTIFS(t_date,H$34,t_name,"?*",t_status,"<>❌ Отменена"),INDEX(t_label,MATCH(H$34&"#"&(4-COUNTIFS(e_date,H$34,e_name,"?*")),t_key,0)),"")),"")
B39: =IFERROR(IF(5<=COUNTIFS(e_date,B$34,e_name,"?*"),INDEX(e_label,MATCH(B$34&"#"&5,e_key,0)),IF(5-COUNTIFS(e_date,B$34,e_name,"?*")<=COUNTIFS(t_date,B$34,t_name,"?*",t_status,"<>❌ Отменена"),INDEX(t_label,MATCH(B$34&"#"&(5-COUNTIFS(e_date,B$34,e_name,"?*")),t_key,0)),"")),"") | C39: =IFERROR(IF(5<=COUNTIFS(e_date,C$34,e_name,"?*"),INDEX(e_label,MATCH(C$34&"#"&5,e_key,0)),IF(5-COUNTIFS(e_date,C$34,e_name,"?*")<=COUNTIFS(t_date,C$34,t_name,"?*",t_status,"<>❌ Отменена"),INDEX(t_label,MATCH(C$34&"#"&(5-COUNTIFS(e_date,C$34,e_name,"?*")),t_key,0)),"")),"") | D39: =IFERROR(IF(5<=COUNTIFS(e_date,D$34,e_name,"?*"),INDEX(e_label,MATCH(D$34&"#"&5,e_key,0)),IF(5-COUNTIFS(e_date,D$34,e_name,"?*")<=COUNTIFS(t_date,D$34,t_name,"?*",t_status,"<>❌ Отменена"),INDEX(t_label,MATCH(D$34&"#"&(5-COUNTIFS(e_date,D$34,e_name,"?*")),t_key,0)),"")),"") | E39: =IFERROR(IF(5<=COUNTIFS(e_date,E$34,e_name,"?*"),INDEX(e_label,MATCH(E$34&"#"&5,e_key,0)),IF(5-COUNTIFS(e_date,E$34,e_name,"?*")<=COUNTIFS(t_date,E$34,t_name,"?*",t_status,"<>❌ Отменена"),INDEX(t_label,MATCH(E$34&"#"&(5-COUNTIFS(e_date,E$34,e_name,"?*")),t_key,0)),"")),"") | F39: =IFERROR(IF(5<=COUNTIFS(e_date,F$34,e_name,"?*"),INDEX(e_label,MATCH(F$34&"#"&5,e_key,0)),IF(5-COUNTIFS(e_date,F$34,e_name,"?*")<=COUNTIFS(t_date,F$34,t_name,"?*",t_status,"<>❌ Отменена"),INDEX(t_label,MATCH(F$34&"#"&(5-COUNTIFS(e_date,F$34,e_name,"?*")),t_key,0)),"")),"") | G39: =IFERROR(IF(5<=COUNTIFS(e_date,G$34,e_name,"?*"),INDEX(e_label,MATCH(G$34&"#"&5,e_key,0)),IF(5-COUNTIFS(e_date,G$34,e_name,"?*")<=COUNTIFS(t_date,G$34,t_name,"?*",t_status,"<>❌ Отменена"),INDEX(t_label,MATCH(G$34&"#"&(5-COUNTIFS(e_date,G$34,e_name,"?*")),t_key,0)),"")),"") | H39: =IFERROR(IF(5<=COUNTIFS(e_date,H$34,e_name,"?*"),INDEX(e_label,MATCH(H$34&"#"&5,e_key,0)),IF(5-COUNTIFS(e_date,H$34,e_name,"?*")<=COUNTIFS(t_date,H$34,t_name,"?*",t_status,"<>❌ Отменена"),INDEX(t_label,MATCH(H$34&"#"&(5-COUNTIFS(e_date,H$34,e_name,"?*")),t_key,0)),"")),"")
B40: =IFERROR(IF(COUNTIFS(e_date,B$34,e_name,"?*")+COUNTIFS(t_date,B$34,t_name,"?*",t_status,"<>❌ Отменена")>6,"… ещё "&(COUNTIFS(e_date,B$34,e_name,"?*")+COUNTIFS(t_date,B$34,t_name,"?*",t_status,"<>❌ Отменена")-5),IF(6<=COUNTIFS(e_date,B$34,e_name,"?*"),INDEX(e_label,MATCH(B$34&"#"&6,e_key,0)),IF(6-COUNTIFS(e_date,B$34,e_name,"?*")<=COUNTIFS(t_date,B$34,t_name,"?*",t_status,"<>❌ Отменена"),INDEX(t_label,MATCH(B$34&"#"&(6-COUNTIFS(e_date,B$34,e_name,"?*")),t_key,0)),""))),"") | C40: =IFERROR(IF(COUNTIFS(e_date,C$34,e_name,"?*")+COUNTIFS(t_date,C$34,t_name,"?*",t_status,"<>❌ Отменена")>6,"… ещё "&(COUNTIFS(e_date,C$34,e_name,"?*")+COUNTIFS(t_date,C$34,t_name,"?*",t_status,"<>❌ Отменена")-5),IF(6<=COUNTIFS(e_date,C$34,e_name,"?*"),INDEX(e_label,MATCH(C$34&"#"&6,e_key,0)),IF(6-COUNTIFS(e_date,C$34,e_name,"?*")<=COUNTIFS(t_date,C$34,t_name,"?*",t_status,"<>❌ Отменена"),INDEX(t_label,MATCH(C$34&"#"&(6-COUNTIFS(e_date,C$34,e_name,"?*")),t_key,0)),""))),"") | D40: =IFERROR(IF(COUNTIFS(e_date,D$34,e_name,"?*")+COUNTIFS(t_date,D$34,t_name,"?*",t_status,"<>❌ Отменена")>6,"… ещё "&(COUNTIFS(e_date,D$34,e_name,"?*")+COUNTIFS(t_date,D$34,t_name,"?*",t_status,"<>❌ Отменена")-5),IF(6<=COUNTIFS(e_date,D$34,e_name,"?*"),INDEX(e_label,MATCH(D$34&"#"&6,e_key,0)),IF(6-COUNTIFS(e_date,D$34,e_name,"?*")<=COUNTIFS(t_date,D$34,t_name,"?*",t_status,"<>❌ Отменена"),INDEX(t_label,MATCH(D$34&"#"&(6-COUNTIFS(e_date,D$34,e_name,"?*")),t_key,0)),""))),"") | E40: =IFERROR(IF(COUNTIFS(e_date,E$34,e_name,"?*")+COUNTIFS(t_date,E$34,t_name,"?*",t_status,"<>❌ Отменена")>6,"… ещё "&(COUNTIFS(e_date,E$34,e_name,"?*")+COUNTIFS(t_date,E$34,t_name,"?*",t_status,"<>❌ Отменена")-5),IF(6<=COUNTIFS(e_date,E$34,e_name,"?*"),INDEX(e_label,MATCH(E$34&"#"&6,e_key,0)),IF(6-COUNTIFS(e_date,E$34,e_name,"?*")<=COUNTIFS(t_date,E$34,t_name,"?*",t_status,"<>❌ Отменена"),INDEX(t_label,MATCH(E$34&"#"&(6-COUNTIFS(e_date,E$34,e_name,"?*")),t_key,0)),""))),"") | F40: =IFERROR(IF(COUNTIFS(e_date,F$34,e_name,"?*")+COUNTIFS(t_date,F$34,t_name,"?*",t_status,"<>❌ Отменена")>6,"… ещё "&(COUNTIFS(e_date,F$34,e_name,"?*")+COUNTIFS(t_date,F$34,t_name,"?*",t_status,"<>❌ Отменена")-5),IF(6<=COUNTIFS(e_date,F$34,e_name,"?*"),INDEX(e_label,MATCH(F$34&"#"&6,e_key,0)),IF(6-COUNTIFS(e_date,F$34,e_name,"?*")<=COUNTIFS(t_date,F$34,t_name,"?*",t_status,"<>❌ Отменена"),INDEX(t_label,MATCH(F$34&"#"&(6-COUNTIFS(e_date,F$34,e_name,"?*")),t_key,0)),""))),"") | G40: =IFERROR(IF(COUNTIFS(e_date,G$34,e_name,"?*")+COUNTIFS(t_date,G$34,t_name,"?*",t_status,"<>❌ Отменена")>6,"… ещё "&(COUNTIFS(e_date,G$34,e_name,"?*")+COUNTIFS(t_date,G$34,t_name,"?*",t_status,"<>❌ Отменена")-5),IF(6<=COUNTIFS(e_date,G$34,e_name,"?*"),INDEX(e_label,MATCH(G$34&"#"&6,e_key,0)),IF(6-COUNTIFS(e_date,G$34,e_name,"?*")<=COUNTIFS(t_date,G$34,t_name,"?*",t_status,"<>❌ Отменена"),INDEX(t_label,MATCH(G$34&"#"&(6-COUNTIFS(e_date,G$34,e_name,"?*")),t_key,0)),""))),"") | H40: =IFERROR(IF(COUNTIFS(e_date,H$34,e_name,"?*")+COUNTIFS(t_date,H$34,t_name,"?*",t_status,"<>❌ Отменена")>6,"… ещё "&(COUNTIFS(e_date,H$34,e_name,"?*")+COUNTIFS(t_date,H$34,t_name,"?*",t_status,"<>❌ Отменена")-5),IF(6<=COUNTIFS(e_date,H$34,e_name,"?*"),INDEX(e_label,MATCH(H$34&"#"&6,e_key,0)),IF(6-COUNTIFS(e_date,H$34,e_name,"?*")<=COUNTIFS(t_date,H$34,t_name,"?*",t_status,"<>❌ Отменена"),INDEX(t_label,MATCH(H$34&"#"&(6-COUNTIFS(e_date,H$34,e_name,"?*")),t_key,0)),""))),"")
B41: =(DATE(cal_y,cal_m,1)-WEEKDAY(DATE(cal_y,cal_m,1),2)+1)+35 | C41: =(DATE(cal_y,cal_m,1)-WEEKDAY(DATE(cal_y,cal_m,1),2)+1)+36 | D41: =(DATE(cal_y,cal_m,1)-WEEKDAY(DATE(cal_y,cal_m,1),2)+1)+37 | E41: =(DATE(cal_y,cal_m,1)-WEEKDAY(DATE(cal_y,cal_m,1),2)+1)+38 | F41: =(DATE(cal_y,cal_m,1)-WEEKDAY(DATE(cal_y,cal_m,1),2)+1)+39 | G41: =(DATE(cal_y,cal_m,1)-WEEKDAY(DATE(cal_y,cal_m,1),2)+1)+40 | H41: =(DATE(cal_y,cal_m,1)-WEEKDAY(DATE(cal_y,cal_m,1),2)+1)+41
B42: =IFERROR(IF(1<=COUNTIFS(e_date,B$41,e_name,"?*"),INDEX(e_label,MATCH(B$41&"#"&1,e_key,0)),IF(1-COUNTIFS(e_date,B$41,e_name,"?*")<=COUNTIFS(t_date,B$41,t_name,"?*",t_status,"<>❌ Отменена"),INDEX(t_label,MATCH(B$41&"#"&(1-COUNTIFS(e_date,B$41,e_name,"?*")),t_key,0)),"")),"") | C42: =IFERROR(IF(1<=COUNTIFS(e_date,C$41,e_name,"?*"),INDEX(e_label,MATCH(C$41&"#"&1,e_key,0)),IF(1-COUNTIFS(e_date,C$41,e_name,"?*")<=COUNTIFS(t_date,C$41,t_name,"?*",t_status,"<>❌ Отменена"),INDEX(t_label,MATCH(C$41&"#"&(1-COUNTIFS(e_date,C$41,e_name,"?*")),t_key,0)),"")),"") | D42: =IFERROR(IF(1<=COUNTIFS(e_date,D$41,e_name,"?*"),INDEX(e_label,MATCH(D$41&"#"&1,e_key,0)),IF(1-COUNTIFS(e_date,D$41,e_name,"?*")<=COUNTIFS(t_date,D$41,t_name,"?*",t_status,"<>❌ Отменена"),INDEX(t_label,MATCH(D$41&"#"&(1-COUNTIFS(e_date,D$41,e_name,"?*")),t_key,0)),"")),"") | E42: =IFERROR(IF(1<=COUNTIFS(e_date,E$41,e_name,"?*"),INDEX(e_label,MATCH(E$41&"#"&1,e_key,0)),IF(1-COUNTIFS(e_date,E$41,e_name,"?*")<=COUNTIFS(t_date,E$41,t_name,"?*",t_status,"<>❌ Отменена"),INDEX(t_label,MATCH(E$41&"#"&(1-COUNTIFS(e_date,E$41,e_name,"?*")),t_key,0)),"")),"") | F42: =IFERROR(IF(1<=COUNTIFS(e_date,F$41,e_name,"?*"),INDEX(e_label,MATCH(F$41&"#"&1,e_key,0)),IF(1-COUNTIFS(e_date,F$41,e_name,"?*")<=COUNTIFS(t_date,F$41,t_name,"?*",t_status,"<>❌ Отменена"),INDEX(t_label,MATCH(F$41&"#"&(1-COUNTIFS(e_date,F$41,e_name,"?*")),t_key,0)),"")),"") | G42: =IFERROR(IF(1<=COUNTIFS(e_date,G$41,e_name,"?*"),INDEX(e_label,MATCH(G$41&"#"&1,e_key,0)),IF(1-COUNTIFS(e_date,G$41,e_name,"?*")<=COUNTIFS(t_date,G$41,t_name,"?*",t_status,"<>❌ Отменена"),INDEX(t_label,MATCH(G$41&"#"&(1-COUNTIFS(e_date,G$41,e_name,"?*")),t_key,0)),"")),"") | H42: =IFERROR(IF(1<=COUNTIFS(e_date,H$41,e_name,"?*"),INDEX(e_label,MATCH(H$41&"#"&1,e_key,0)),IF(1-COUNTIFS(e_date,H$41,e_name,"?*")<=COUNTIFS(t_date,H$41,t_name,"?*",t_status,"<>❌ Отменена"),INDEX(t_label,MATCH(H$41&"#"&(1-COUNTIFS(e_date,H$41,e_name,"?*")),t_key,0)),"")),"")
B43: =IFERROR(IF(2<=COUNTIFS(e_date,B$41,e_name,"?*"),INDEX(e_label,MATCH(B$41&"#"&2,e_key,0)),IF(2-COUNTIFS(e_date,B$41,e_name,"?*")<=COUNTIFS(t_date,B$41,t_name,"?*",t_status,"<>❌ Отменена"),INDEX(t_label,MATCH(B$41&"#"&(2-COUNTIFS(e_date,B$41,e_name,"?*")),t_key,0)),"")),"") | C43: =IFERROR(IF(2<=COUNTIFS(e_date,C$41,e_name,"?*"),INDEX(e_label,MATCH(C$41&"#"&2,e_key,0)),IF(2-COUNTIFS(e_date,C$41,e_name,"?*")<=COUNTIFS(t_date,C$41,t_name,"?*",t_status,"<>❌ Отменена"),INDEX(t_label,MATCH(C$41&"#"&(2-COUNTIFS(e_date,C$41,e_name,"?*")),t_key,0)),"")),"") | D43: =IFERROR(IF(2<=COUNTIFS(e_date,D$41,e_name,"?*"),INDEX(e_label,MATCH(D$41&"#"&2,e_key,0)),IF(2-COUNTIFS(e_date,D$41,e_name,"?*")<=COUNTIFS(t_date,D$41,t_name,"?*",t_status,"<>❌ Отменена"),INDEX(t_label,MATCH(D$41&"#"&(2-COUNTIFS(e_date,D$41,e_name,"?*")),t_key,0)),"")),"") | E43: =IFERROR(IF(2<=COUNTIFS(e_date,E$41,e_name,"?*"),INDEX(e_label,MATCH(E$41&"#"&2,e_key,0)),IF(2-COUNTIFS(e_date,E$41,e_name,"?*")<=COUNTIFS(t_date,E$41,t_name,"?*",t_status,"<>❌ Отменена"),INDEX(t_label,MATCH(E$41&"#"&(2-COUNTIFS(e_date,E$41,e_name,"?*")),t_key,0)),"")),"") | F43: =IFERROR(IF(2<=COUNTIFS(e_date,F$41,e_name,"?*"),INDEX(e_label,MATCH(F$41&"#"&2,e_key,0)),IF(2-COUNTIFS(e_date,F$41,e_name,"?*")<=COUNTIFS(t_date,F$41,t_name,"?*",t_status,"<>❌ Отменена"),INDEX(t_label,MATCH(F$41&"#"&(2-COUNTIFS(e_date,F$41,e_name,"?*")),t_key,0)),"")),"") | G43: =IFERROR(IF(2<=COUNTIFS(e_date,G$41,e_name,"?*"),INDEX(e_label,MATCH(G$41&"#"&2,e_key,0)),IF(2-COUNTIFS(e_date,G$41,e_name,"?*")<=COUNTIFS(t_date,G$41,t_name,"?*",t_status,"<>❌ Отменена"),INDEX(t_label,MATCH(G$41&"#"&(2-COUNTIFS(e_date,G$41,e_name,"?*")),t_key,0)),"")),"") | H43: =IFERROR(IF(2<=COUNTIFS(e_date,H$41,e_name,"?*"),INDEX(e_label,MATCH(H$41&"#"&2,e_key,0)),IF(2-COUNTIFS(e_date,H$41,e_name,"?*")<=COUNTIFS(t_date,H$41,t_name,"?*",t_status,"<>❌ Отменена"),INDEX(t_label,MATCH(H$41&"#"&(2-COUNTIFS(e_date,H$41,e_name,"?*")),t_key,0)),"")),"")
B44: =IFERROR(IF(3<=COUNTIFS(e_date,B$41,e_name,"?*"),INDEX(e_label,MATCH(B$41&"#"&3,e_key,0)),IF(3-COUNTIFS(e_date,B$41,e_name,"?*")<=COUNTIFS(t_date,B$41,t_name,"?*",t_status,"<>❌ Отменена"),INDEX(t_label,MATCH(B$41&"#"&(3-COUNTIFS(e_date,B$41,e_name,"?*")),t_key,0)),"")),"") | C44: =IFERROR(IF(3<=COUNTIFS(e_date,C$41,e_name,"?*"),INDEX(e_label,MATCH(C$41&"#"&3,e_key,0)),IF(3-COUNTIFS(e_date,C$41,e_name,"?*")<=COUNTIFS(t_date,C$41,t_name,"?*",t_status,"<>❌ Отменена"),INDEX(t_label,MATCH(C$41&"#"&(3-COUNTIFS(e_date,C$41,e_name,"?*")),t_key,0)),"")),"") | D44: =IFERROR(IF(3<=COUNTIFS(e_date,D$41,e_name,"?*"),INDEX(e_label,MATCH(D$41&"#"&3,e_key,0)),IF(3-COUNTIFS(e_date,D$41,e_name,"?*")<=COUNTIFS(t_date,D$41,t_name,"?*",t_status,"<>❌ Отменена"),INDEX(t_label,MATCH(D$41&"#"&(3-COUNTIFS(e_date,D$41,e_name,"?*")),t_key,0)),"")),"") | E44: =IFERROR(IF(3<=COUNTIFS(e_date,E$41,e_name,"?*"),INDEX(e_label,MATCH(E$41&"#"&3,e_key,0)),IF(3-COUNTIFS(e_date,E$41,e_name,"?*")<=COUNTIFS(t_date,E$41,t_name,"?*",t_status,"<>❌ Отменена"),INDEX(t_label,MATCH(E$41&"#"&(3-COUNTIFS(e_date,E$41,e_name,"?*")),t_key,0)),"")),"") | F44: =IFERROR(IF(3<=COUNTIFS(e_date,F$41,e_name,"?*"),INDEX(e_label,MATCH(F$41&"#"&3,e_key,0)),IF(3-COUNTIFS(e_date,F$41,e_name,"?*")<=COUNTIFS(t_date,F$41,t_name,"?*",t_status,"<>❌ Отменена"),INDEX(t_label,MATCH(F$41&"#"&(3-COUNTIFS(e_date,F$41,e_name,"?*")),t_key,0)),"")),"") | G44: =IFERROR(IF(3<=COUNTIFS(e_date,G$41,e_name,"?*"),INDEX(e_label,MATCH(G$41&"#"&3,e_key,0)),IF(3-COUNTIFS(e_date,G$41,e_name,"?*")<=COUNTIFS(t_date,G$41,t_name,"?*",t_status,"<>❌ Отменена"),INDEX(t_label,MATCH(G$41&"#"&(3-COUNTIFS(e_date,G$41,e_name,"?*")),t_key,0)),"")),"") | H44: =IFERROR(IF(3<=COUNTIFS(e_date,H$41,e_name,"?*"),INDEX(e_label,MATCH(H$41&"#"&3,e_key,0)),IF(3-COUNTIFS(e_date,H$41,e_name,"?*")<=COUNTIFS(t_date,H$41,t_name,"?*",t_status,"<>❌ Отменена"),INDEX(t_label,MATCH(H$41&"#"&(3-COUNTIFS(e_date,H$41,e_name,"?*")),t_key,0)),"")),"")
B45: =IFERROR(IF(4<=COUNTIFS(e_date,B$41,e_name,"?*"),INDEX(e_label,MATCH(B$41&"#"&4,e_key,0)),IF(4-COUNTIFS(e_date,B$41,e_name,"?*")<=COUNTIFS(t_date,B$41,t_name,"?*",t_status,"<>❌ Отменена"),INDEX(t_label,MATCH(B$41&"#"&(4-COUNTIFS(e_date,B$41,e_name,"?*")),t_key,0)),"")),"") | C45: =IFERROR(IF(4<=COUNTIFS(e_date,C$41,e_name,"?*"),INDEX(e_label,MATCH(C$41&"#"&4,e_key,0)),IF(4-COUNTIFS(e_date,C$41,e_name,"?*")<=COUNTIFS(t_date,C$41,t_name,"?*",t_status,"<>❌ Отменена"),INDEX(t_label,MATCH(C$41&"#"&(4-COUNTIFS(e_date,C$41,e_name,"?*")),t_key,0)),"")),"") | D45: =IFERROR(IF(4<=COUNTIFS(e_date,D$41,e_name,"?*"),INDEX(e_label,MATCH(D$41&"#"&4,e_key,0)),IF(4-COUNTIFS(e_date,D$41,e_name,"?*")<=COUNTIFS(t_date,D$41,t_name,"?*",t_status,"<>❌ Отменена"),INDEX(t_label,MATCH(D$41&"#"&(4-COUNTIFS(e_date,D$41,e_name,"?*")),t_key,0)),"")),"") | E45: =IFERROR(IF(4<=COUNTIFS(e_date,E$41,e_name,"?*"),INDEX(e_label,MATCH(E$41&"#"&4,e_key,0)),IF(4-COUNTIFS(e_date,E$41,e_name,"?*")<=COUNTIFS(t_date,E$41,t_name,"?*",t_status,"<>❌ Отменена"),INDEX(t_label,MATCH(E$41&"#"&(4-COUNTIFS(e_date,E$41,e_name,"?*")),t_key,0)),"")),"") | F45: =IFERROR(IF(4<=COUNTIFS(e_date,F$41,e_name,"?*"),INDEX(e_label,MATCH(F$41&"#"&4,e_key,0)),IF(4-COUNTIFS(e_date,F$41,e_name,"?*")<=COUNTIFS(t_date,F$41,t_name,"?*",t_status,"<>❌ Отменена"),INDEX(t_label,MATCH(F$41&"#"&(4-COUNTIFS(e_date,F$41,e_name,"?*")),t_key,0)),"")),"") | G45: =IFERROR(IF(4<=COUNTIFS(e_date,G$41,e_name,"?*"),INDEX(e_label,MATCH(G$41&"#"&4,e_key,0)),IF(4-COUNTIFS(e_date,G$41,e_name,"?*")<=COUNTIFS(t_date,G$41,t_name,"?*",t_status,"<>❌ Отменена"),INDEX(t_label,MATCH(G$41&"#"&(4-COUNTIFS(e_date,G$41,e_name,"?*")),t_key,0)),"")),"") | H45: =IFERROR(IF(4<=COUNTIFS(e_date,H$41,e_name,"?*"),INDEX(e_label,MATCH(H$41&"#"&4,e_key,0)),IF(4-COUNTIFS(e_date,H$41,e_name,"?*")<=COUNTIFS(t_date,H$41,t_name,"?*",t_status,"<>❌ Отменена"),INDEX(t_label,MATCH(H$41&"#"&(4-COUNTIFS(e_date,H$41,e_name,"?*")),t_key,0)),"")),"")
B46: =IFERROR(IF(5<=COUNTIFS(e_date,B$41,e_name,"?*"),INDEX(e_label,MATCH(B$41&"#"&5,e_key,0)),IF(5-COUNTIFS(e_date,B$41,e_name,"?*")<=COUNTIFS(t_date,B$41,t_name,"?*",t_status,"<>❌ Отменена"),INDEX(t_label,MATCH(B$41&"#"&(5-COUNTIFS(e_date,B$41,e_name,"?*")),t_key,0)),"")),"") | C46: =IFERROR(IF(5<=COUNTIFS(e_date,C$41,e_name,"?*"),INDEX(e_label,MATCH(C$41&"#"&5,e_key,0)),IF(5-COUNTIFS(e_date,C$41,e_name,"?*")<=COUNTIFS(t_date,C$41,t_name,"?*",t_status,"<>❌ Отменена"),INDEX(t_label,MATCH(C$41&"#"&(5-COUNTIFS(e_date,C$41,e_name,"?*")),t_key,0)),"")),"") | D46: =IFERROR(IF(5<=COUNTIFS(e_date,D$41,e_name,"?*"),INDEX(e_label,MATCH(D$41&"#"&5,e_key,0)),IF(5-COUNTIFS(e_date,D$41,e_name,"?*")<=COUNTIFS(t_date,D$41,t_name,"?*",t_status,"<>❌ Отменена"),INDEX(t_label,MATCH(D$41&"#"&(5-COUNTIFS(e_date,D$41,e_name,"?*")),t_key,0)),"")),"") | E46: =IFERROR(IF(5<=COUNTIFS(e_date,E$41,e_name,"?*"),INDEX(e_label,MATCH(E$41&"#"&5,e_key,0)),IF(5-COUNTIFS(e_date,E$41,e_name,"?*")<=COUNTIFS(t_date,E$41,t_name,"?*",t_status,"<>❌ Отменена"),INDEX(t_label,MATCH(E$41&"#"&(5-COUNTIFS(e_date,E$41,e_name,"?*")),t_key,0)),"")),"") | F46: =IFERROR(IF(5<=COUNTIFS(e_date,F$41,e_name,"?*"),INDEX(e_label,MATCH(F$41&"#"&5,e_key,0)),IF(5-COUNTIFS(e_date,F$41,e_name,"?*")<=COUNTIFS(t_date,F$41,t_name,"?*",t_status,"<>❌ Отменена"),INDEX(t_label,MATCH(F$41&"#"&(5-COUNTIFS(e_date,F$41,e_name,"?*")),t_key,0)),"")),"") | G46: =IFERROR(IF(5<=COUNTIFS(e_date,G$41,e_name,"?*"),INDEX(e_label,MATCH(G$41&"#"&5,e_key,0)),IF(5-COUNTIFS(e_date,G$41,e_name,"?*")<=COUNTIFS(t_date,G$41,t_name,"?*",t_status,"<>❌ Отменена"),INDEX(t_label,MATCH(G$41&"#"&(5-COUNTIFS(e_date,G$41,e_name,"?*")),t_key,0)),"")),"") | H46: =IFERROR(IF(5<=COUNTIFS(e_date,H$41,e_name,"?*"),INDEX(e_label,MATCH(H$41&"#"&5,e_key,0)),IF(5-COUNTIFS(e_date,H$41,e_name,"?*")<=COUNTIFS(t_date,H$41,t_name,"?*",t_status,"<>❌ Отменена"),INDEX(t_label,MATCH(H$41&"#"&(5-COUNTIFS(e_date,H$41,e_name,"?*")),t_key,0)),"")),"")
B47: =IFERROR(IF(COUNTIFS(e_date,B$41,e_name,"?*")+COUNTIFS(t_date,B$41,t_name,"?*",t_status,"<>❌ Отменена")>6,"… ещё "&(COUNTIFS(e_date,B$41,e_name,"?*")+COUNTIFS(t_date,B$41,t_name,"?*",t_status,"<>❌ Отменена")-5),IF(6<=COUNTIFS(e_date,B$41,e_name,"?*"),INDEX(e_label,MATCH(B$41&"#"&6,e_key,0)),IF(6-COUNTIFS(e_date,B$41,e_name,"?*")<=COUNTIFS(t_date,B$41,t_name,"?*",t_status,"<>❌ Отменена"),INDEX(t_label,MATCH(B$41&"#"&(6-COUNTIFS(e_date,B$41,e_name,"?*")),t_key,0)),""))),"") | C47: =IFERROR(IF(COUNTIFS(e_date,C$41,e_name,"?*")+COUNTIFS(t_date,C$41,t_name,"?*",t_status,"<>❌ Отменена")>6,"… ещё "&(COUNTIFS(e_date,C$41,e_name,"?*")+COUNTIFS(t_date,C$41,t_name,"?*",t_status,"<>❌ Отменена")-5),IF(6<=COUNTIFS(e_date,C$41,e_name,"?*"),INDEX(e_label,MATCH(C$41&"#"&6,e_key,0)),IF(6-COUNTIFS(e_date,C$41,e_name,"?*")<=COUNTIFS(t_date,C$41,t_name,"?*",t_status,"<>❌ Отменена"),INDEX(t_label,MATCH(C$41&"#"&(6-COUNTIFS(e_date,C$41,e_name,"?*")),t_key,0)),""))),"") | D47: =IFERROR(IF(COUNTIFS(e_date,D$41,e_name,"?*")+COUNTIFS(t_date,D$41,t_name,"?*",t_status,"<>❌ Отменена")>6,"… ещё "&(COUNTIFS(e_date,D$41,e_name,"?*")+COUNTIFS(t_date,D$41,t_name,"?*",t_status,"<>❌ Отменена")-5),IF(6<=COUNTIFS(e_date,D$41,e_name,"?*"),INDEX(e_label,MATCH(D$41&"#"&6,e_key,0)),IF(6-COUNTIFS(e_date,D$41,e_name,"?*")<=COUNTIFS(t_date,D$41,t_name,"?*",t_status,"<>❌ Отменена"),INDEX(t_label,MATCH(D$41&"#"&(6-COUNTIFS(e_date,D$41,e_name,"?*")),t_key,0)),""))),"") | E47: =IFERROR(IF(COUNTIFS(e_date,E$41,e_name,"?*")+COUNTIFS(t_date,E$41,t_name,"?*",t_status,"<>❌ Отменена")>6,"… ещё "&(COUNTIFS(e_date,E$41,e_name,"?*")+COUNTIFS(t_date,E$41,t_name,"?*",t_status,"<>❌ Отменена")-5),IF(6<=COUNTIFS(e_date,E$41,e_name,"?*"),INDEX(e_label,MATCH(E$41&"#"&6,e_key,0)),IF(6-COUNTIFS(e_date,E$41,e_name,"?*")<=COUNTIFS(t_date,E$41,t_name,"?*",t_status,"<>❌ Отменена"),INDEX(t_label,MATCH(E$41&"#"&(6-COUNTIFS(e_date,E$41,e_name,"?*")),t_key,0)),""))),"") | F47: =IFERROR(IF(COUNTIFS(e_date,F$41,e_name,"?*")+COUNTIFS(t_date,F$41,t_name,"?*",t_status,"<>❌ Отменена")>6,"… ещё "&(COUNTIFS(e_date,F$41,e_name,"?*")+COUNTIFS(t_date,F$41,t_name,"?*",t_status,"<>❌ Отменена")-5),IF(6<=COUNTIFS(e_date,F$41,e_name,"?*"),INDEX(e_label,MATCH(F$41&"#"&6,e_key,0)),IF(6-COUNTIFS(e_date,F$41,e_name,"?*")<=COUNTIFS(t_date,F$41,t_name,"?*",t_status,"<>❌ Отменена"),INDEX(t_label,MATCH(F$41&"#"&(6-COUNTIFS(e_date,F$41,e_name,"?*")),t_key,0)),""))),"") | G47: =IFERROR(IF(COUNTIFS(e_date,G$41,e_name,"?*")+COUNTIFS(t_date,G$41,t_name,"?*",t_status,"<>❌ Отменена")>6,"… ещё "&(COUNTIFS(e_date,G$41,e_name,"?*")+COUNTIFS(t_date,G$41,t_name,"?*",t_status,"<>❌ Отменена")-5),IF(6<=COUNTIFS(e_date,G$41,e_name,"?*"),INDEX(e_label,MATCH(G$41&"#"&6,e_key,0)),IF(6-COUNTIFS(e_date,G$41,e_name,"?*")<=COUNTIFS(t_date,G$41,t_name,"?*",t_status,"<>❌ Отменена"),INDEX(t_label,MATCH(G$41&"#"&(6-COUNTIFS(e_date,G$41,e_name,"?*")),t_key,0)),""))),"") | H47: =IFERROR(IF(COUNTIFS(e_date,H$41,e_name,"?*")+COUNTIFS(t_date,H$41,t_name,"?*",t_status,"<>❌ Отменена")>6,"… ещё "&(COUNTIFS(e_date,H$41,e_name,"?*")+COUNTIFS(t_date,H$41,t_name,"?*",t_status,"<>❌ Отменена")-5),IF(6<=COUNTIFS(e_date,H$41,e_name,"?*"),INDEX(e_label,MATCH(H$41&"#"&6,e_key,0)),IF(6-COUNTIFS(e_date,H$41,e_name,"?*")<=COUNTIFS(t_date,H$41,t_name,"?*",t_status,"<>❌ Отменена"),INDEX(t_label,MATCH(H$41&"#"&(6-COUNTIFS(e_date,H$41,e_name,"?*")),t_key,0)),""))),"")

Sheet ✅ Задачи
A1: ✅ Задачи — список дел и отметка выполнения
A2: Одна строка = одна задача. Заполните название, группу, категорию, приоритет и срок. Выполнили — поставьте статус «✅ Выполнена» (строка зачеркнётся) и по желанию дату выполнения. Задачи со сроком сами появляются в календаре.
A4: № | B4: ✏️ Задача | C4: 🗂 Группа | D4: 🏷 Категория | E4: 🎯 Приоритет | F4: 📅 Срок | G4: 🚦 Статус | H4: 🏁 Выполнена (дата) | I4: 💬 Заметки | J4: ⏰ Сроки | K4: служ. подпись | L4: служ. ключ | M4: служ. просрочка
A5: =IF(B5="","",COUNTA($B$5:B5)) | B5: Сдать квартальный отчёт | C5: 💼 Работа | D5: 📝 Документы | E5: 🔥 Высокий | F5: 46296 | G5: 🔄 В работе | J5: =IF(OR(B5="",F5="",NOT(AND(G5<>"✅ Выполнена",G5<>"❌ Отменена"))),"",IF(F5<TODAY(),"❗ просрочено "&(TODAY()-F5)&" дн.",IF(F5=TODAY(),"🔥 сегодня",IF(F5-TODAY()<=3,"⏳ через "&(F5-TODAY())&" дн.","")))) | K5: =IF(B5="","",IF(G5="✅ Выполнена","✔ ",IF(G5="❌ Отменена","✖ ",IF(AND(F5<>"",F5<TODAY()),"❗ ","☐ ")))&B5&IF(E5="🔥 Высокий"," 🔥","")) | L5: =IF(OR(B5="",F5="",G5="❌ Отменена"),"",F5&"#"&COUNTIFS($F$5:F5,F5,$B$5:B5,"?*",$G$5:G5,"<>❌ Отменена")) | M5: =IF(AND(B5<>"",F5<>"",F5<TODAY(),AND(G5<>"✅ Выполнена",G5<>"❌ Отменена")),MAX($M$4:M4)+1,"")
A6: =IF(B6="","",COUNTA($B$5:B6)) | B6: Позвонить маме | C6: 👪 Семья и друзья | D6: 📞 Звонок | E6: ⭐ Средний | F6: 46299 | G6: ✅ Выполнена | H6: 46299 | J6: =IF(OR(B6="",F6="",NOT(AND(G6<>"✅ Выполнена",G6<>"❌ Отменена"))),"",IF(F6<TODAY(),"❗ просрочено "&(TODAY()-F6)&" дн.",IF(F6=TODAY(),"🔥 сегодня",IF(F6-TODAY()<=3,"⏳ через "&(F6-TODAY())&" дн.","")))) | K6: =IF(B6="","",IF(G6="✅ Выполнена","✔ ",IF(G6="❌ Отменена","✖ ",IF(AND(F6<>"",F6<TODAY()),"❗ ","☐ ")))&B6&IF(E6="🔥 Высокий"," 🔥","")) | L6: =IF(OR(B6="",F6="",G6="❌ Отменена"),"",F6&"#"&COUNTIFS($F$5:F6,F6,$B$5:B6,"?*",$G$5:G6,"<>❌ Отменена")) | M6: =IF(AND(B6<>"",F6<>"",F6<TODAY(),AND(G6<>"✅ Выполнена",G6<>"❌ Отменена")),MAX($M$4:M5)+1,"")
A7: =IF(B7="","",COUNTA($B$5:B7)) | B7: Оплатить коммуналку | C7: 💰 Финансы | D7: 📌 Задача | E7: 🔥 Высокий | F7: 46300 | G7: ⏳ Не начата | J7: =IF(OR(B7="",F7="",NOT(AND(G7<>"✅ Выполнена",G7<>"❌ Отменена"))),"",IF(F7<TODAY(),"❗ просрочено "&(TODAY()-F7)&" дн.",IF(F7=TODAY(),"🔥 сегодня",IF(F7-TODAY()<=3,"⏳ через "&(F7-TODAY())&" дн.","")))) | K7: =IF(B7="","",IF(G7="✅ Выполнена","✔ ",IF(G7="❌ Отменена","✖ ",IF(AND(F7<>"",F7<TODAY()),"❗ ","☐ ")))&B7&IF(E7="🔥 Высокий"," 🔥","")) | L7: =IF(OR(B7="",F7="",G7="❌ Отменена"),"",F7&"#"&COUNTIFS($F$5:F7,F7,$B$5:B7,"?*",$G$5:G7,"<>❌ Отменена")) | M7: =IF(AND(B7<>"",F7<>"",F7<TODAY(),AND(G7<>"✅ Выполнена",G7<>"❌ Отменена")),MAX($M$4:M6)+1,"")
A8: =IF(B8="","",COUNTA($B$5:B8)) | B8: Купить подарок другу | C8: 👪 Семья и друзья | D8: 🛒 Покупка | E8: ⭐ Средний | F8: 46302 | G8: ⏳ Не начата | J8: =IF(OR(B8="",F8="",NOT(AND(G8<>"✅ Выполнена",G8<>"❌ Отменена"))),"",IF(F8<TODAY(),"❗ просрочено "&(TODAY()-F8)&" дн.",IF(F8=TODAY(),"🔥 сегодня",IF(F8-TODAY()<=3,"⏳ через "&(F8-TODAY())&" дн.","")))) | K8: =IF(B8="","",IF(G8="✅ Выполнена","✔ ",IF(G8="❌ Отменена","✖ ",IF(AND(F8<>"",F8<TODAY()),"❗ ","☐ ")))&B8&IF(E8="🔥 Высокий"," 🔥","")) | L8: =IF(OR(B8="",F8="",G8="❌ Отменена"),"",F8&"#"&COUNTIFS($F$5:F8,F8,$B$5:B8,"?*",$G$5:G8,"<>❌ Отменена")) | M8: =IF(AND(B8<>"",F8<>"",F8<TODAY(),AND(G8<>"✅ Выполнена",G8<>"❌ Отменена")),MAX($M$4:M7)+1,"")
A9: =IF(B9="","",COUNTA($B$5:B9)) | B9: Записаться к стоматологу | C9: 💪 Спорт и здоровье | D9: 📞 Звонок | E9: ⭐ Средний | F9: 46301 | G9: ⏳ Не начата | J9: =IF(OR(B9="",F9="",NOT(AND(G9<>"✅ Выполнена",G9<>"❌ Отменена"))),"",IF(F9<TODAY(),"❗ просрочено "&(TODAY()-F9)&" дн.",IF(F9=TODAY(),"🔥 сегодня",IF(F9-TODAY()<=3,"⏳ через "&(F9-TODAY())&" дн.","")))) | K9: =IF(B9="","",IF(G9="✅ Выполнена","✔ ",IF(G9="❌ Отменена","✖ ",IF(AND(F9<>"",F9<TODAY()),"❗ ","☐ ")))&B9&IF(E9="🔥 Высокий"," 🔥","")) | L9: =IF(OR(B9="",F9="",G9="❌ Отменена"),"",F9&"#"&COUNTIFS($F$5:F9,F9,$B$5:B9,"?*",$G$5:G9,"<>❌ Отменена")) | M9: =IF(AND(B9<>"",F9<>"",F9<TODAY(),AND(G9<>"✅ Выполнена",G9<>"❌ Отменена")),MAX($M$4:M8)+1,"")
A10: =IF(B10="","",COUNTA($B$5:B10)) | B10: Закончить модуль курса Python | C10: 📚 Учёба | D10: 📌 Задача | E10: ⭐ Средний | F10: 46305 | G10: 🔄 В работе | J10: =IF(OR(B10="",F10="",NOT(AND(G10<>"✅ Выполнена",G10<>"❌ Отменена"))),"",IF(F10<TODAY(),"❗ просрочено "&(TODAY()-F10)&" дн.",IF(F10=TODAY(),"🔥 сегодня",IF(F10-TODAY()<=3,"⏳ через "&(F10-TODAY())&" дн.","")))) | K10: =IF(B10="","",IF(G10="✅ Выполнена","✔ ",IF(G10="❌ Отменена","✖ ",IF(AND(F10<>"",F10<TODAY()),"❗ ","☐ ")))&B10&IF(E10="🔥 Высокий"," 🔥","")) | L10: =IF(OR(B10="",F10="",G10="❌ Отменена"),"",F10&"#"&COUNTIFS($F$5:F10,F10,$B$5:B10,"?*",$G$5:G10,"<>❌ Отменена")) | M10: =IF(AND(B10<>"",F10<>"",F10<TODAY(),AND(G10<>"✅ Выполнена",G10<>"❌ Отменена")),MAX($M$4:M9)+1,"")
A11: =IF(B11="","",COUNTA($B$5:B11)) | B11: Генеральная уборка | C11: 🏠 Дом и быт | D11: 📌 Задача | E11: 💤 Низкий | F11: 46306 | G11: ⏳ Не начата | J11: =IF(OR(B11="",F11="",NOT(AND(G11<>"✅ Выполнена",G11<>"❌ Отменена"))),"",IF(F11<TODAY(),"❗ просрочено "&(TODAY()-F11)&" дн.",IF(F11=TODAY(),"🔥 сегодня",IF(F11-TODAY()<=3,"⏳ через "&(F11-TODAY())&" дн.","")))) | K11: =IF(B11="","",IF(G11="✅ Выполнена","✔ ",IF(G11="❌ Отменена","✖ ",IF(AND(F11<>"",F11<TODAY()),"❗ ","☐ ")))&B11&IF(E11="🔥 Высокий"," 🔥","")) | L11: =IF(OR(B11="",F11="",G11="❌ Отменена"),"",F11&"#"&COUNTIFS($F$5:F11,F11,$B$5:B11,"?*",$G$5:G11,"<>❌ Отменена")) | M11: =IF(AND(B11<>"",F11<>"",F11<TODAY(),AND(G11<>"✅ Выполнена",G11<>"❌ Отменена")),MAX($M$4:M10)+1,"")
A12: =IF(B12="","",COUNTA($B$5:B12)) | B12: Подготовить презентацию проекта | C12: 🚀 Проекты | D12: 📝 Документы | E12: 🔥 Высокий | F12: 46309 | G12: ⏳ Не начата | J12: =IF(OR(B12="",F12="",NOT(AND(G12<>"✅ Выполнена",G12<>"❌ Отменена"))),"",IF(F12<TODAY(),"❗ просрочено "&(TODAY()-F12)&" дн.",IF(F12=TODAY(),"🔥 сегодня",IF(F12-TODAY()<=3,"⏳ через "&(F12-TODAY())&" дн.","")))) | K12: =IF(B12="","",IF(G12="✅ Выполнена","✔ ",IF(G12="❌ Отменена","✖ ",IF(AND(F12<>"",F12<TODAY()),"❗ ","☐ ")))&B12&IF(E12="🔥 Высокий"," 🔥","")) | L12: =IF(OR(B12="",F12="",G12="❌ Отменена"),"",F12&"#"&COUNTIFS($F$5:F12,F12,$B$5:B12,"?*",$G$5:G12,"<>❌ Отменена")) | M12: =IF(AND(B12<>"",F12<>"",F12<TODAY(),AND(G12<>"✅ Выполнена",G12<>"❌ Отменена")),MAX($M$4:M11)+1,"")
A13: =IF(B13="","",COUNTA($B$5:B13)) | B13: Продлить страховку авто | C13: 💰 Финансы | D13: 📝 Документы | E13: 🔥 Высокий | F13: 46315 | G13: ⏳ Не начата | J13: =IF(OR(B13="",F13="",NOT(AND(G13<>"✅ Выполнена",G13<>"❌ Отменена"))),"",IF(F13<TODAY(),"❗ просрочено "&(TODAY()-F13)&" дн.",IF(F13=TODAY(),"🔥 сегодня",IF(F13-TODAY()<=3,"⏳ через "&(F13-TODAY())&" дн.","")))) | K13: =IF(B13="","",IF(G13="✅ Выполнена","✔ ",IF(G13="❌ Отменена","✖ ",IF(AND(F13<>"",F13<TODAY()),"❗ ","☐ ")))&B13&IF(E13="🔥 Высокий"," 🔥","")) | L13: =IF(OR(B13="",F13="",G13="❌ Отменена"),"",F13&"#"&COUNTIFS($F$5:F13,F13,$B$5:B13,"?*",$G$5:G13,"<>❌ Отменена")) | M13: =IF(AND(B13<>"",F13<>"",F13<TODAY(),AND(G13<>"✅ Выполнена",G13<>"❌ Отменена")),MAX($M$4:M12)+1,"")
A14: =IF(B14="","",COUNTA($B$5:B14)) | B14: Купить билеты в театр | C14: 🧘 Отдых | D14: 🎉 Мероприятие | E14: 💤 Низкий | F14: 46319 | G14: ⏳ Не начата | J14: =IF(OR(B14="",F14="",NOT(AND(G14<>"✅ Выполнена",G14<>"❌ Отменена"))),"",IF(F14<TODAY(),"❗ просрочено "&(TODAY()-F14)&" дн.",IF(F14=TODAY(),"🔥 сегодня",IF(F14-TODAY()<=3,"⏳ через "&(F14-TODAY())&" дн.","")))) | K14: =IF(B14="","",IF(G14="✅ Выполнена","✔ ",IF(G14="❌ Отменена","✖ ",IF(AND(F14<>"",F14<TODAY()),"❗ ","☐ ")))&B14&IF(E14="🔥 Высокий"," 🔥","")) | L14: =IF(OR(B14="",F14="",G14="❌ Отменена"),"",F14&"#"&COUNTIFS($F$5:F14,F14,$B$5:B14,"?*",$G$5:G14,"<>❌ Отменена")) | M14: =IF(AND(B14<>"",F14<>"",F14<TODAY(),AND(G14<>"✅ Выполнена",G14<>"❌ Отменена")),MAX($M$4:M13)+1,"")
A15: =IF(B15="","",COUNTA($B$5:B15)) | B15: Разобрать гардероб | C15: 🏠 Дом и быт | D15: 📌 Задача | E15: 💤 Низкий | F15: 46293 | G15: ✅ Выполнена | H15: 46292 | J15: =IF(OR(B15="",F15="",NOT(AND(G15<>"✅ Выполнена",G15<>"❌ Отменена"))),"",IF(F15<TODAY(),"❗ просрочено "&(TODAY()-F15)&" дн.",IF(F15=TODAY(),"🔥 сегодня",IF(F15-TODAY()<=3,"⏳ через "&(F15-TODAY())&" дн.","")))) | K15: =IF(B15="","",IF(G15="✅ Выполнена","✔ ",IF(G15="❌ Отменена","✖ ",IF(AND(F15<>"",F15<TODAY()),"❗ ","☐ ")))&B15&IF(E15="🔥 Высокий"," 🔥","")) | L15: =IF(OR(B15="",F15="",G15="❌ Отменена"),"",F15&"#"&COUNTIFS($F$5:F15,F15,$B$5:B15,"?*",$G$5:G15,"<>❌ Отменена")) | M15: =IF(AND(B15<>"",F15<>"",F15<TODAY(),AND(G15<>"✅ Выполнена",G15<>"❌ Отменена")),MAX($M$4:M14)+1,"")
A16: =IF(B16="","",COUNTA($B$5:B16)) | B16: Идеи для блога | C16: 🎨 Хобби | D16: 💡 Идея | E16: 💤 Низкий | G16: ⏳ Не начата | J16: =IF(OR(B16="",F16="",NOT(AND(G16<>"✅ Выполнена",G16<>"❌ Отменена"))),"",IF(F16<TODAY(),"❗ просрочено "&(TODAY()-F16)&" дн.",IF(F16=TODAY(),"🔥 сегодня",IF(F16-TODAY()<=3,"⏳ через "&(F16-TODAY())&" дн.","")))) | K16: =IF(B16="","",IF(G16="✅ Выполнена","✔ ",IF(G16="❌ Отменена","✖ ",IF(AND(F16<>"",F16<TODAY()),"❗ ","☐ ")))&B16&IF(E16="🔥 Высокий"," 🔥","")) | L16: =IF(OR(B16="",F16="",G16="❌ Отменена"),"",F16&"#"&COUNTIFS($F$5:F16,F16,$B$5:B16,"?*",$G$5:G16,"<>❌ Отменена")) | M16: =IF(AND(B16<>"",F16<>"",F16<TODAY(),AND(G16<>"✅ Выполнена",G16<>"❌ Отменена")),MAX($M$4:M15)+1,"")
A17: =IF(B17="","",COUNTA($B$5:B17)) | J17: =IF(OR(B17="",F17="",NOT(AND(G17<>"✅ Выполнена",G17<>"❌ Отменена"))),"",IF(F17<TODAY(),"❗ просрочено "&(TODAY()-F17)&" дн.",IF(F17=TODAY(),"🔥 сегодня",IF(F17-TODAY()<=3,"⏳ через "&(F17-TODAY())&" дн.","")))) | K17: =IF(B17="","",IF(G17="✅ Выполнена","✔ ",IF(G17="❌ Отменена","✖ ",IF(AND(F17<>"",F17<TODAY()),"❗ ","☐ ")))&B17&IF(E17="🔥 Высокий"," 🔥","")) | L17: =IF(OR(B17="",F17="",G17="❌ Отменена"),"",F17&"#"&COUNTIFS($F$5:F17,F17,$B$5:B17,"?*",$G$5:G17,"<>❌ Отменена")) | M17: =IF(AND(B17<>"",F17<>"",F17<TODAY(),AND(G17<>"✅ Выполнена",G17<>"❌ Отменена")),MAX($M$4:M16)+1,"")
A18: =IF(B18="","",COUNTA($B$5:B18)) | J18: =IF(OR(B18="",F18="",NOT(AND(G18<>"✅ Выполнена",G18<>"❌ Отменена"))),"",IF(F18<TODAY(),"❗ просрочено "&(TODAY()-F18)&" дн.",IF(F18=TODAY(),"🔥 сегодня",IF(F18-TODAY()<=3,"⏳ через "&(F18-TODAY())&" дн.","")))) | K18: =IF(B18="","",IF(G18="✅ Выполнена","✔ ",IF(G18="❌ Отменена","✖ ",IF(AND(F18<>"",F18<TODAY()),"❗ ","☐ ")))&B18&IF(E18="🔥 Высокий"," 🔥","")) | L18: =IF(OR(B18="",F18="",G18="❌ Отменена"),"",F18&"#"&COUNTIFS($F$5:F18,F18,$B$5:B18,"?*",$G$5:G18,"<>❌ Отменена")) | M18: =IF(AND(B18<>"",F18<>"",F18<TODAY(),AND(G18<>"✅ Выполнена",G18<>"❌ Отменена")),MAX($M$4:M17)+1,"")
A19: =IF(B19="","",COUNTA($B$5:B19)) | J19: =IF(OR(B19="",F19="",NOT(AND(G19<>"✅ Выполнена",G19<>"❌ Отменена"))),"",IF(F19<TODAY(),"❗ просрочено "&(TODAY()-F19)&" дн.",IF(F19=TODAY(),"🔥 сегодня",IF(F19-TODAY()<=3,"⏳ через "&(F19-TODAY())&" дн.","")))) | K19: =IF(B19="","",IF(G19="✅ Выполнена","✔ ",IF(G19="❌ Отменена","✖ ",IF(AND(F19<>"",F19<TODAY()),"❗ ","☐ ")))&B19&IF(E19="🔥 Высокий"," 🔥","")) | L19: =IF(OR(B19="",F19="",G19="❌ Отменена"),"",F19&"#"&COUNTIFS($F$5:F19,F19,$B$5:B19,"?*",$G$5:G19,"<>❌ Отменена")) | M19: =IF(AND(B19<>"",F19<>"",F19<TODAY(),AND(G19<>"✅ Выполнена",G19<>"❌ Отменена")),MAX($M$4:M18)+1,"")
A20: =IF(B20="","",COUNTA($B$5:B20)) | J20: =IF(OR(B20="",F20="",NOT(AND(G20<>"✅ Выполнена",G20<>"❌ Отменена"))),"",IF(F20<TODAY(),"❗ просрочено "&(TODAY()-F20)&" дн.",IF(F20=TODAY(),"🔥 сегодня",IF(F20-TODAY()<=3,"⏳ через "&(F20-TODAY())&" дн.","")))) | K20: =IF(B20="","",IF(G20="✅ Выполнена","✔ ",IF(G20="❌ Отменена","✖ ",IF(AND(F20<>"",F20<TODAY()),"❗ ","☐ ")))&B20&IF(E20="🔥 Высокий"," 🔥","")) | L20: =IF(OR(B20="",F20="",G20="❌ Отменена"),"",F20&"#"&COUNTIFS($F$5:F20,F20,$B$5:B20,"?*",$G$5:G20,"<>❌ Отменена")) | M20: =IF(AND(B20<>"",F20<>"",F20<TODAY(),AND(G20<>"✅ Выполнена",G20<>"❌ Отменена")),MAX($M$4:M19)+1,"")
A21: =IF(B21="","",COUNTA($B$5:B21)) | J21: =IF(OR(B21="",F21="",NOT(AND(G21<>"✅ Выполнена",G21<>"❌ Отменена"))),"",IF(F21<TODAY(),"❗ просрочено "&(TODAY()-F21)&" дн.",IF(F21=TODAY(),"🔥 сегодня",IF(F21-TODAY()<=3,"⏳ через "&(F21-TODAY())&" дн.","")))) | K21: =IF(B21="","",IF(G21="✅ Выполнена","✔ ",IF(G21="❌ Отменена","✖ ",IF(AND(F21<>"",F21<TODAY()),"❗ ","☐ ")))&B21&IF(E21="🔥 Высокий"," 🔥","")) | L21: =IF(OR(B21="",F21="",G21="❌ Отменена"),"",F21&"#"&COUNTIFS($F$5:F21,F21,$B$5:B21,"?*",$G$5:G21,"<>❌ Отменена")) | M21: =IF(AND(B21<>"",F21<>"",F21<TODAY(),AND(G21<>"✅ Выполнена",G21<>"❌ Отменена")),MAX($M$4:M20)+1,"")
A22: =IF(B22="","",COUNTA($B$5:B22)) | J22: =IF(OR(B22="",F22="",NOT(AND(G22<>"✅ Выполнена",G22<>"❌ Отменена"))),"",IF(F22<TODAY(),"❗ просрочено "&(TODAY()-F22)&" дн.",IF(F22=TODAY(),"🔥 сегодня",IF(F22-TODAY()<=3,"⏳ через "&(F22-TODAY())&" дн.","")))) | K22: =IF(B22="","",IF(G22="✅ Выполнена","✔ ",IF(G22="❌ Отменена","✖ ",IF(AND(F22<>"",F22<TODAY()),"❗ ","☐ ")))&B22&IF(E22="🔥 Высокий"," 🔥","")) | L22: =IF(OR(B22="",F22="",G22="❌ Отменена"),"",F22&"#"&COUNTIFS($F$5:F22,F22,$B$5:B22,"?*",$G$5:G22,"<>❌ Отменена")) | M22: =IF(AND(B22<>"",F22<>"",F22<TODAY(),AND(G22<>"✅ Выполнена",G22<>"❌ Отменена")),MAX($M$4:M21)+1,"")
A23: =IF(B23="","",COUNTA($B$5:B23)) | J23: =IF(OR(B23="",F23="",NOT(AND(G23<>"✅ Выполнена",G23<>"❌ Отменена"))),"",IF(F23<TODAY(),"❗ просрочено "&(TODAY()-F23)&" дн.",IF(F23=TODAY(),"🔥 сегодня",IF(F23-TODAY()<=3,"⏳ через "&(F23-TODAY())&" дн.","")))) | K23: =IF(B23="","",IF(G23="✅ Выполнена","✔ ",IF(G23="❌ Отменена","✖ ",IF(AND(F23<>"",F23<TODAY()),"❗ ","☐ ")))&B23&IF(E23="🔥 Высокий"," 🔥","")) | L23: =IF(OR(B23="",F23="",G23="❌ Отменена"),"",F23&"#"&COUNTIFS($F$5:F23,F23,$B$5:B23,"?*",$G$5:G23,"<>❌ Отменена")) | M23: =IF(AND(B23<>"",F23<>"",F23<TODAY(),AND(G23<>"✅ Выполнена",G23<>"❌ Отменена")),MAX($M$4:M22)+1,"")
A24: =IF(B24="","",COUNTA($B$5:B24)) | J24: =IF(OR(B24="",F24="",NOT(AND(G24<>"✅ Выполнена",G24<>"❌ Отменена"))),"",IF(F24<TODAY(),"❗ просрочено "&(TODAY()-F24)&" дн.",IF(F24=TODAY(),"🔥 сегодня",IF(F24-TODAY()<=3,"⏳ через "&(F24-TODAY())&" дн.","")))) | K24: =IF(B24="","",IF(G24="✅ Выполнена","✔ ",IF(G24="❌ Отменена","✖ ",IF(AND(F24<>"",F24<TODAY()),"❗ ","☐ ")))&B24&IF(E24="🔥 Высокий"," 🔥","")) | L24: =IF(OR(B24="",F24="",G24="❌ Отменена"),"",F24&"#"&COUNTIFS($F$5:F24,F24,$B$5:B24,"?*",$G$5:G24,"<>❌ Отменена")) | M24: =IF(AND(B24<>"",F24<>"",F24<TODAY(),AND(G24<>"✅ Выполнена",G24<>"❌ Отменена")),MAX($M$4:M23)+1,"")
A25: =IF(B25="","",COUNTA($B$5:B25)) | J25: =IF(OR(B25="",F25="",NOT(AND(G25<>"✅ Выполнена",G25<>"❌ Отменена"))),"",IF(F25<TODAY(),"❗ просрочено "&(TODAY()-F25)&" дн.",IF(F25=TODAY(),"🔥 сегодня",IF(F25-TODAY()<=3,"⏳ через "&(F25-TODAY())&" дн.","")))) | K25: =IF(B25="","",IF(G25="✅ Выполнена","✔ ",IF(G25="❌ Отменена","✖ ",IF(AND(F25<>"",F25<TODAY()),"❗ ","☐ ")))&B25&IF(E25="🔥 Высокий"," 🔥","")) | L25: =IF(OR(B25="",F25="",G25="❌ Отменена"),"",F25&"#"&COUNTIFS($F$5:F25,F25,$B$5:B25,"?*",$G$5:G25,"<>❌ Отменена")) | M25: =IF(AND(B25<>"",F25<>"",F25<TODAY(),AND(G25<>"✅ Выполнена",G25<>"❌ Отменена")),MAX($M$4:M24)+1,"")
A26: =IF(B26="","",COUNTA($B$5:B26)) | J26: =IF(OR(B26="",F26="",NOT(AND(G26<>"✅ Выполнена",G26<>"❌ Отменена"))),"",IF(F26<TODAY(),"❗ просрочено "&(TODAY()-F26)&" дн.",IF(F26=TODAY(),"🔥 сегодня",IF(F26-TODAY()<=3,"⏳ через "&(F26-TODAY())&" дн.","")))) | K26: =IF(B26="","",IF(G26="✅ Выполнена","✔ ",IF(G26="❌ Отменена","✖ ",IF(AND(F26<>"",F26<TODAY()),"❗ ","☐ ")))&B26&IF(E26="🔥 Высокий"," 🔥","")) | L26: =IF(OR(B26="",F26="",G26="❌ Отменена"),"",F26&"#"&COUNTIFS($F$5:F26,F26,$B$5:B26,"?*",$G$5:G26,"<>❌ Отменена")) | M26: =IF(AND(B26<>"",F26<>"",F26<TODAY(),AND(G26<>"✅ Выполнена",G26<>"❌ Отменена")),MAX($M$4:M25)+1,"")
A27: =IF(B27="","",COUNTA($B$5:B27)) | J27: =IF(OR(B27="",F27="",NOT(AND(G27<>"✅ Выполнена",G27<>"❌ Отменена"))),"",IF(F27<TODAY(),"❗ просрочено "&(TODAY()-F27)&" дн.",IF(F27=TODAY(),"🔥 сегодня",IF(F27-TODAY()<=3,"⏳ через "&(F27-TODAY())&" дн.","")))) | K27: =IF(B27="","",IF(G27="✅ Выполнена","✔ ",IF(G27="❌ Отменена","✖ ",IF(AND(F27<>"",F27<TODAY()),"❗ ","☐ ")))&B27&IF(E27="🔥 Высокий"," 🔥","")) | L27: =IF(OR(B27="",F27="",G27="❌ Отменена"),"",F27&"#"&COUNTIFS($F$5:F27,F27,$B$5:B27,"?*",$G$5:G27,"<>❌ Отменена")) | M27: =IF(AND(B27<>"",F27<>"",F27<TODAY(),AND(G27<>"✅ Выполнена",G27<>"❌ Отменена")),MAX($M$4:M26)+1,"")
A28: =IF(B28="","",COUNTA($B$5:B28)) | J28: =IF(OR(B28="",F28="",NOT(AND(G28<>"✅ Выполнена",G28<>"❌ Отменена"))),"",IF(F28<TODAY(),"❗ просрочено "&(TODAY()-F28)&" дн.",IF(F28=TODAY(),"🔥 сегодня",IF(F28-TODAY()<=3,"⏳ через "&(F28-TODAY())&" дн.","")))) | K28: =IF(B28="","",IF(G28="✅ Выполнена","✔ ",IF(G28="❌ Отменена","✖ ",IF(AND(F28<>"",F28<TODAY()),"❗ ","☐ ")))&B28&IF(E28="🔥 Высокий"," 🔥","")) | L28: =IF(OR(B28="",F28="",G28="❌ Отменена"),"",F28&"#"&COUNTIFS($F$5:F28,F28,$B$5:B28,"?*",$G$5:G28,"<>❌ Отменена")) | M28: =IF(AND(B28<>"",F28<>"",F28<TODAY(),AND(G28<>"✅ Выполнена",G28<>"❌ Отменена")),MAX($M$4:M27)+1,"")
... A1004: =IF(B1004="","",COUNTA($B$5:B1004)) | J1004: =IF(OR(B1004="",F1004="",NOT(AND(G1004<>"✅ Выполнена",G1004<>"❌ Отменена"))),"",IF(F1004<TODAY(),"❗ просрочено "&(TODAY()-F1004)&" дн.",IF(F1004=TODAY(),"🔥 сегодня",IF(F1004-TODAY()<=3,"⏳ через "&(F1004-TODAY())&" дн.","")))) | K1004: =IF(B1004="","",IF(G1004="✅ Выполнена","✔ ",IF(G1004="❌ Отменена","✖ ",IF(AND(F1004<>"",F1004<TODAY()),"❗ ","☐ ")))&B1004&IF(E1004="🔥 Высокий"," 🔥","")) | L1004: =IF(OR(B1004="",F1004="",G1004="❌ Отменена"),"",F1004&"#"&COUNTIFS($F$5:F1004,F1004,$B$5:B1004,"?*",$G$5:G1004,"<>❌ Отменена")) | M1004: =IF(AND(B1004<>"",F1004<>"",F1004<TODAY(),AND(G1004<>"✅ Выполнена",G1004<>"❌ Отменена")),MAX($M$4:M1003)+1,"")

Sheet 🕘 План дня
A1: 🕘 План дня — расписание по времени
A2: Одна строка = одно дело в расписании: дата, начало, окончание, что делаете. Длительность считается сама. Можно привязать дело к задаче из списка. Пересечения по времени подсвечиваются оранжевым.
A4: 📅 Дата | B4: День | C4: 🕘 Начало | D4: 🕔 Конец | E4: ⏱ Часов | F4: ✏️ Дело / занятие | G4: 🗂 Группа | H4: 🏷 Категория | I4: 🔗 Задача (из списка) | J4: 🚦 Статус | K4: 💬 Заметка | L4: ⚠️ Проверка | M4: служ. подпись | N4: служ. ключ | O4: служ. время
A5: 46299 | B5: =IF(A5="","",CHOOSE(WEEKDAY(A5,2),"Пн","Вт","Ср","Чт","Пт","Сб","Вс")) | C5: 0.33333333 | D5: 0.375 | E5: =IF(OR(C5="",D5=""),"",MOD(D5-C5,1)*24) | F5: Утренняя пробежка | G5: 💪 Спорт и здоровье | H5: 🔁 Привычка | J5: ✅ Сделано | L5: =IF(OR(A5="",C5="",D5=""),"",IF(COUNTIFS($A$5:$A$3004,A5,$C$5:$C$3004,"<"&D5,$D$5:$D$3004,">"&C5)>1,"⚠️ пересечение","")) | M5: =IF(F5="","",IF(J5="✅ Сделано","✔ ",IF(J5="❌ Пропущено","✖ ","⏰ "))&IF(C5="","",RIGHT("0"&HOUR(C5),2)&":"&RIGHT("0"&MINUTE(C5),2)&IF(D5="","","–"&RIGHT("0"&HOUR(D5),2)&":"&RIGHT("0"&MINUTE(D5),2))&" ")&F5) | N5: =IF(OR(A5="",F5=""),"",A5&"#"&(COUNTIFS($A$5:$A$3004,A5,$F$5:$F$3004,"?*",$O$5:$O$3004,"<"&O5)+COUNTIFS($A$5:A5,A5,$F$5:F5,"?*",$O$5:O5,O5))) | O5: =IF(A5="","",IF(C5="",0,C5))
A6: 46299 | B6: =IF(A6="","",CHOOSE(WEEKDAY(A6,2),"Пн","Вт","Ср","Чт","Пт","Сб","Вс")) | C6: 0.45833333 | D6: 0.47916667 | E6: =IF(OR(C6="",D6=""),"",MOD(D6-C6,1)*24) | F6: Звонок маме | G6: 👪 Семья и друзья | H6: 📞 Звонок | I6: Позвонить маме | J6: ✅ Сделано | L6: =IF(OR(A6="",C6="",D6=""),"",IF(COUNTIFS($A$5:$A$3004,A6,$C$5:$C$3004,"<"&D6,$D$5:$D$3004,">"&C6)>1,"⚠️ пересечение","")) | M6: =IF(F6="","",IF(J6="✅ Сделано","✔ ",IF(J6="❌ Пропущено","✖ ","⏰ "))&IF(C6="","",RIGHT("0"&HOUR(C6),2)&":"&RIGHT("0"&MINUTE(C6),2)&IF(D6="","","–"&RIGHT("0"&HOUR(D6),2)&":"&RIGHT("0"&MINUTE(D6),2))&" ")&F6) | N6: =IF(OR(A6="",F6=""),"",A6&"#"&(COUNTIFS($A$5:$A$3004,A6,$F$5:$F$3004,"?*",$O$5:$O$3004,"<"&O6)+COUNTIFS($A$5:A6,A6,$F$5:F6,"?*",$O$5:O6,O6))) | O6: =IF(A6="","",IF(C6="",0,C6))
A7: 46299 | B7: =IF(A7="","",CHOOSE(WEEKDAY(A7,2),"Пн","Вт","Ср","Чт","Пт","Сб","Вс")) | C7: 0.79166667 | D7: 0.875 | E7: =IF(OR(C7="",D7=""),"",MOD(D7-C7,1)*24) | F7: Курс Python: модуль 4 | G7: 📚 Учёба | H7: 📌 Задача | I7: Закончить модуль курса Python | J7: ⏰ Запланировано | L7: =IF(OR(A7="",C7="",D7=""),"",IF(COUNTIFS($A$5:$A$3004,A7,$C$5:$C$3004,"<"&D7,$D$5:$D$3004,">"&C7)>1,"⚠️ пересечение","")) | M7: =IF(F7="","",IF(J7="✅ Сделано","✔ ",IF(J7="❌ Пропущено","✖ ","⏰ "))&IF(C7="","",RIGHT("0"&HOUR(C7),2)&":"&RIGHT("0"&MINUTE(C7),2)&IF(D7="","","–"&RIGHT("0"&HOUR(D7),2)&":"&RIGHT("0"&MINUTE(D7),2))&" ")&F7) | N7: =IF(OR(A7="",F7=""),"",A7&"#"&(COUNTIFS($A$5:$A$3004,A7,$F$5:$F$3004,"?*",$O$5:$O$3004,"<"&O7)+COUNTIFS($A$5:A7,A7,$F$5:F7,"?*",$O$5:O7,O7))) | O7: =IF(A7="","",IF(C7="",0,C7))
A8: 46300 | B8: =IF(A8="","",CHOOSE(WEEKDAY(A8,2),"Пн","Вт","Ср","Чт","Пт","Сб","Вс")) | C8: 0.375 | D8: 0.41666667 | E8: =IF(OR(C8="",D8=""),"",MOD(D8-C8,1)*24) | F8: Планёрка | G8: 💼 Работа | H8: 🤝 Встреча | J8: ⏰ Запланировано | L8: =IF(OR(A8="",C8="",D8=""),"",IF(COUNTIFS($A$5:$A$3004,A8,$C$5:$C$3004,"<"&D8,$D$5:$D$3004,">"&C8)>1,"⚠️ пересечение","")) | M8: =IF(F8="","",IF(J8="✅ Сделано","✔ ",IF(J8="❌ Пропущено","✖ ","⏰ "))&IF(C8="","",RIGHT("0"&HOUR(C8),2)&":"&RIGHT("0"&MINUTE(C8),2)&IF(D8="","","–"&RIGHT("0"&HOUR(D8),2)&":"&RIGHT("0"&MINUTE(D8),2))&" ")&F8) | N8: =IF(OR(A8="",F8=""),"",A8&"#"&(COUNTIFS($A$5:$A$3004,A8,$F$5:$F$3004,"?*",$O$5:$O$3004,"<"&O8)+COUNTIFS($A$5:A8,A8,$F$5:F8,"?*",$O$5:O8,O8))) | O8: =IF(A8="","",IF(C8="",0,C8))
A9: 46300 | B9: =IF(A9="","",CHOOSE(WEEKDAY(A9,2),"Пн","Вт","Ср","Чт","Пт","Сб","Вс")) | C9: 0.41666667 | D9: 0.54166667 | E9: =IF(OR(C9="",D9=""),"",MOD(D9-C9,1)*24) | F9: Работа над отчётом | G9: 💼 Работа | H9: 📌 Задача | I9: Сдать квартальный отчёт | J9: ⏰ Запланировано | L9: =IF(OR(A9="",C9="",D9=""),"",IF(COUNTIFS($A$5:$A$3004,A9,$C$5:$C$3004,"<"&D9,$D$5:$D$3004,">"&C9)>1,"⚠️ пересечение","")) | M9: =IF(F9="","",IF(J9="✅ Сделано","✔ ",IF(J9="❌ Пропущено","✖ ","⏰ "))&IF(C9="","",RIGHT("0"&HOUR(C9),2)&":"&RIGHT("0"&MINUTE(C9),2)&IF(D9="","","–"&RIGHT("0"&HOUR(D9),2)&":"&RIGHT("0"&MINUTE(D9),2))&" ")&F9) | N9: =IF(OR(A9="",F9=""),"",A9&"#"&(COUNTIFS($A$5:$A$3004,A9,$F$5:$F$3004,"?*",$O$5:$O$3004,"<"&O9)+COUNTIFS($A$5:A9,A9,$F$5:F9,"?*",$O$5:O9,O9))) | O9: =IF(A9="","",IF(C9="",0,C9))
A10: 46300 | B10: =IF(A10="","",CHOOSE(WEEKDAY(A10,2),"Пн","Вт","Ср","Чт","Пт","Сб","Вс")) | C10: 0.52083333 | D10: 0.5625 | E10: =IF(OR(C10="",D10=""),"",MOD(D10-C10,1)*24) | F10: Обед с коллегой | G10: 👪 Семья и друзья | H10: 🤝 Встреча | J10: ⏰ Запланировано | L10: =IF(OR(A10="",C10="",D10=""),"",IF(COUNTIFS($A$5:$A$3004,A10,$C$5:$C$3004,"<"&D10,$D$5:$D$3004,">"&C10)>1,"⚠️ пересечение","")) | M10: =IF(F10="","",IF(J10="✅ Сделано","✔ ",IF(J10="❌ Пропущено","✖ ","⏰ "))&IF(C10="","",RIGHT("0"&HOUR(C10),2)&":"&RIGHT("0"&MINUTE(C10),2)&IF(D10="","","–"&RIGHT("0"&HOUR(D10),2)&":"&RIGHT("0"&MINUTE(D10),2))&" ")&F10) | N10: =IF(OR(A10="",F10=""),"",A10&"#"&(COUNTIFS($A$5:$A$3004,A10,$F$5:$F$3004,"?*",$O$5:$O$3004,"<"&O10)+COUNTIFS($A$5:A10,A10,$F$5:F10,"?*",$O$5:O10,O10))) | O10: =IF(A10="","",IF(C10="",0,C10))
A11: 46300 | B11: =IF(A11="","",CHOOSE(WEEKDAY(A11,2),"Пн","Вт","Ср","Чт","Пт","Сб","Вс")) | C11: 0.77083333 | D11: 0.83333333 | E11: =IF(OR(C11="",D11=""),"",MOD(D11-C11,1)*24) | F11: Тренажёрный зал | G11: 💪 Спорт и здоровье | H11: 🔁 Привычка | J11: ⏰ Запланировано | L11: =IF(OR(A11="",C11="",D11=""),"",IF(COUNTIFS($A$5:$A$3004,A11,$C$5:$C$3004,"<"&D11,$D$5:$D$3004,">"&C11)>1,"⚠️ пересечение","")) | M11: =IF(F11="","",IF(J11="✅ Сделано","✔ ",IF(J11="❌ Пропущено","✖ ","⏰ "))&IF(C11="","",RIGHT("0"&HOUR(C11),2)&":"&RIGHT("0"&MINUTE(C11),2)&IF(D11="","","–"&RIGHT("0"&HOUR(D11),2)&":"&RIGHT("0"&MINUTE(D11),2))&" ")&F11) | N11: =IF(OR(A11="",F11=""),"",A11&"#"&(COUNTIFS($A$5:$A$3004,A11,$F$5:$F$3004,"?*",$O$5:$O$3004,"<"&O11)+COUNTIFS($A$5:A11,A11,$F$5:F11,"?*",$O$5:O11,O11))) | O11: =IF(A11="","",IF(C11="",0,C11))
A12: 46301 | B12: =IF(A12="","",CHOOSE(WEEKDAY(A12,2),"Пн","Вт","Ср","Чт","Пт","Сб","Вс")) | C12: 0.33333333 | D12: 0.375 | E12: =IF(OR(C12="",D12=""),"",MOD(D12-C12,1)*24) | F12: Утренняя пробежка | G12: 💪 Спорт и здоровье | H12: 🔁 Привычка | J12: ⏰ Запланировано | L12: =IF(OR(A12="",C12="",D12=""),"",IF(COUNTIFS($A$5:$A$3004,A12,$C$5:$C$3004,"<"&D12,$D$5:$D$3004,">"&C12)>1,"⚠️ пересечение","")) | M12: =IF(F12="","",IF(J12="✅ Сделано","✔ ",IF(J12="❌ Пропущено","✖ ","⏰ "))&IF(C12="","",RIGHT("0"&HOUR(C12),2)&":"&RIGHT("0"&MINUTE(C12),2)&IF(D12="","","–"&RIGHT("0"&HOUR(D12),2)&":"&RIGHT("0"&MINUTE(D12),2))&" ")&F12) | N12: =IF(OR(A12="",F12=""),"",A12&"#"&(COUNTIFS($A$5:$A$3004,A12,$F$5:$F$3004,"?*",$O$5:$O$3004,"<"&O12)+COUNTIFS($A$5:A12,A12,$F$5:F12,"?*",$O$5:O12,O12))) | O12: =IF(A12="","",IF(C12="",0,C12))
A13: 46302 | B13: =IF(A13="","",CHOOSE(WEEKDAY(A13,2),"Пн","Вт","Ср","Чт","Пт","Сб","Вс")) | C13: 0.75 | D13: 0.79166667 | E13: =IF(OR(C13="",D13=""),"",MOD(D13-C13,1)*24) | F13: Выбрать подарок | G13: 👪 Семья и друзья | H13: 🛒 Покупка | I13: Купить подарок другу | J13: ⏰ Запланировано | L13: =IF(OR(A13="",C13="",D13=""),"",IF(COUNTIFS($A$5:$A$3004,A13,$C$5:$C$3004,"<"&D13,$D$5:$D$3004,">"&C13)>1,"⚠️ пересечение","")) | M13: =IF(F13="","",IF(J13="✅ Сделано","✔ ",IF(J13="❌ Пропущено","✖ ","⏰ "))&IF(C13="","",RIGHT("0"&HOUR(C13),2)&":"&RIGHT("0"&MINUTE(C13),2)&IF(D13="","","–"&RIGHT("0"&HOUR(D13),2)&":"&RIGHT("0"&MINUTE(D13),2))&" ")&F13) | N13: =IF(OR(A13="",F13=""),"",A13&"#"&(COUNTIFS($A$5:$A$3004,A13,$F$5:$F$3004,"?*",$O$5:$O$3004,"<"&O13)+COUNTIFS($A$5:A13,A13,$F$5:F13,"?*",$O$5:O13,O13))) | O13: =IF(A13="","",IF(C13="",0,C13))
A14: 46305 | B14: =IF(A14="","",CHOOSE(WEEKDAY(A14,2),"Пн","Вт","Ср","Чт","Пт","Сб","Вс")) | C14: 0.41666667 | D14: 0.58333333 | E14: =IF(OR(C14="",D14=""),"",MOD(D14-C14,1)*24) | F14: Поездка за город | G14: 🧘 Отдых | H14: 🎉 Мероприятие | J14: ⏰ Запланировано | L14: =IF(OR(A14="",C14="",D14=""),"",IF(COUNTIFS($A$5:$A$3004,A14,$C$5:$C$3004,"<"&D14,$D$5:$D$3004,">"&C14)>1,"⚠️ пересечение","")) | M14: =IF(F14="","",IF(J14="✅ Сделано","✔ ",IF(J14="❌ Пропущено","✖ ","⏰ "))&IF(C14="","",RIGHT("0"&HOUR(C14),2)&":"&RIGHT("0"&MINUTE(C14),2)&IF(D14="","","–"&RIGHT("0"&HOUR(D14),2)&":"&RIGHT("0"&MINUTE(D14),2))&" ")&F14) | N14: =IF(OR(A14="",F14=""),"",A14&"#"&(COUNTIFS($A$5:$A$3004,A14,$F$5:$F$3004,"?*",$O$5:$O$3004,"<"&O14)+COUNTIFS($A$5:A14,A14,$F$5:F14,"?*",$O$5:O14,O14))) | O14: =IF(A14="","",IF(C14="",0,C14))
A15: 46297 | B15: =IF(A15="","",CHOOSE(WEEKDAY(A15,2),"Пн","Вт","Ср","Чт","Пт","Сб","Вс")) | C15: 0.79166667 | D15: 0.85416667 | E15: =IF(OR(C15="",D15=""),"",MOD(D15-C15,1)*24) | F15: Тренажёрный зал | G15: 💪 Спорт и здоровье | H15: 🔁 Привычка | J15: ✅ Сделано | L15: =IF(OR(A15="",C15="",D15=""),"",IF(COUNTIFS($A$5:$A$3004,A15,$C$5:$C$3004,"<"&D15,$D$5:$D$3004,">"&C15)>1,"⚠️ пересечение","")) | M15: =IF(F15="","",IF(J15="✅ Сделано","✔ ",IF(J15="❌ Пропущено","✖ ","⏰ "))&IF(C15="","",RIGHT("0"&HOUR(C15),2)&":"&RIGHT("0"&MINUTE(C15),2)&IF(D15="","","–"&RIGHT("0"&HOUR(D15),2)&":"&RIGHT("0"&MINUTE(D15),2))&" ")&F15) | N15: =IF(OR(A15="",F15=""),"",A15&"#"&(COUNTIFS($A$5:$A$3004,A15,$F$5:$F$3004,"?*",$O$5:$O$3004,"<"&O15)+COUNTIFS($A$5:A15,A15,$F$5:F15,"?*",$O$5:O15,O15))) | O15: =IF(A15="","",IF(C15="",0,C15))
A16: 46296 | B16: =IF(A16="","",CHOOSE(WEEKDAY(A16,2),"Пн","Вт","Ср","Чт","Пт","Сб","Вс")) | C16: 0.625 | D16: 0.66666667 | E16: =IF(OR(C16="",D16=""),"",MOD(D16-C16,1)*24) | F16: Встреча с заказчиком | G16: 🚀 Проекты | H16: 🤝 Встреча | J16: ❌ Пропущено | L16: =IF(OR(A16="",C16="",D16=""),"",IF(COUNTIFS($A$5:$A$3004,A16,$C$5:$C$3004,"<"&D16,$D$5:$D$3004,">"&C16)>1,"⚠️ пересечение","")) | M16: =IF(F16="","",IF(J16="✅ Сделано","✔ ",IF(J16="❌ Пропущено","✖ ","⏰ "))&IF(C16="","",RIGHT("0"&HOUR(C16),2)&":"&RIGHT("0"&MINUTE(C16),2)&IF(D16="","","–"&RIGHT("0"&HOUR(D16),2)&":"&RIGHT("0"&MINUTE(D16),2))&" ")&F16) | N16: =IF(OR(A16="",F16=""),"",A16&"#"&(COUNTIFS($A$5:$A$3004,A16,$F$5:$F$3004,"?*",$O$5:$O$3004,"<"&O16)+COUNTIFS($A$5:A16,A16,$F$5:F16,"?*",$O$5:O16,O16))) | O16: =IF(A16="","",IF(C16="",0,C16))
B17: =IF(A17="","",CHOOSE(WEEKDAY(A17,2),"Пн","Вт","Ср","Чт","Пт","Сб","Вс")) | E17: =IF(OR(C17="",D17=""),"",MOD(D17-C17,1)*24) | L17: =IF(OR(A17="",C17="",D17=""),"",IF(COUNTIFS($A$5:$A$3004,A17,$C$5:$C$3004,"<"&D17,$D$5:$D$3004,">"&C17)>1,"⚠️ пересечение","")) | M17: =IF(F17="","",IF(J17="✅ Сделано","✔ ",IF(J17="❌ Пропущено","✖ ","⏰ "))&IF(C17="","",RIGHT("0"&HOUR(C17),2)&":"&RIGHT("0"&MINUTE(C17),2)&IF(D17="","","–"&RIGHT("0"&HOUR(D17),2)&":"&RIGHT("0"&MINUTE(D17),2))&" ")&F17) | N17: =IF(OR(A17="",F17=""),"",A17&"#"&(COUNTIFS($A$5:$A$3004,A17,$F$5:$F$3004,"?*",$O$5:$O$3004,"<"&O17)+COUNTIFS($A$5:A17,A17,$F$5:F17,"?*",$O$5:O17,O17))) | O17: =IF(A17="","",IF(C17="",0,C17))
B18: =IF(A18="","",CHOOSE(WEEKDAY(A18,2),"Пн","Вт","Ср","Чт","Пт","Сб","Вс")) | E18: =IF(OR(C18="",D18=""),"",MOD(D18-C18,1)*24) | L18: =IF(OR(A18="",C18="",D18=""),"",IF(COUNTIFS($A$5:$A$3004,A18,$C$5:$C$3004,"<"&D18,$D$5:$D$3004,">"&C18)>1,"⚠️ пересечение","")) | M18: =IF(F18="","",IF(J18="✅ Сделано","✔ ",IF(J18="❌ Пропущено","✖ ","⏰ "))&IF(C18="","",RIGHT("0"&HOUR(C18),2)&":"&RIGHT("0"&MINUTE(C18),2)&IF(D18="","","–"&RIGHT("0"&HOUR(D18),2)&":"&RIGHT("0"&MINUTE(D18),2))&" ")&F18) | N18: =IF(OR(A18="",F18=""),"",A18&"#"&(COUNTIFS($A$5:$A$3004,A18,$F$5:$F$3004,"?*",$O$5:$O$3004,"<"&O18)+COUNTIFS($A$5:A18,A18,$F$5:F18,"?*",$O$5:O18,O18))) | O18: =IF(A18="","",IF(C18="",0,C18))
B19: =IF(A19="","",CHOOSE(WEEKDAY(A19,2),"Пн","Вт","Ср","Чт","Пт","Сб","Вс")) | E19: =IF(OR(C19="",D19=""),"",MOD(D19-C19,1)*24) | L19: =IF(OR(A19="",C19="",D19=""),"",IF(COUNTIFS($A$5:$A$3004,A19,$C$5:$C$3004,"<"&D19,$D$5:$D$3004,">"&C19)>1,"⚠️ пересечение","")) | M19: =IF(F19="","",IF(J19="✅ Сделано","✔ ",IF(J19="❌ Пропущено","✖ ","⏰ "))&IF(C19="","",RIGHT("0"&HOUR(C19),2)&":"&RIGHT("0"&MINUTE(C19),2)&IF(D19="","","–"&RIGHT("0"&HOUR(D19),2)&":"&RIGHT("0"&MINUTE(D19),2))&" ")&F19) | N19: =IF(OR(A19="",F19=""),"",A19&"#"&(COUNTIFS($A$5:$A$3004,A19,$F$5:$F$3004,"?*",$O$5:$O$3004,"<"&O19)+COUNTIFS($A$5:A19,A19,$F$5:F19,"?*",$O$5:O19,O19))) | O19: =IF(A19="","",IF(C19="",0,C19))
B20: =IF(A20="","",CHOOSE(WEEKDAY(A20,2),"Пн","Вт","Ср","Чт","Пт","Сб","Вс")) | E20: =IF(OR(C20="",D20=""),"",MOD(D20-C20,1)*24) | L20: =IF(OR(A20="",C20="",D20=""),"",IF(COUNTIFS($A$5:$A$3004,A20,$C$5:$C$3004,"<"&D20,$D$5:$D$3004,">"&C20)>1,"⚠️ пересечение","")) | M20: =IF(F20="","",IF(J20="✅ Сделано","✔ ",IF(J20="❌ Пропущено","✖ ","⏰ "))&IF(C20="","",RIGHT("0"&HOUR(C20),2)&":"&RIGHT("0"&MINUTE(C20),2)&IF(D20="","","–"&RIGHT("0"&HOUR(D20),2)&":"&RIGHT("0"&MINUTE(D20),2))&" ")&F20) | N20: =IF(OR(A20="",F20=""),"",A20&"#"&(COUNTIFS($A$5:$A$3004,A20,$F$5:$F$3004,"?*",$O$5:$O$3004,"<"&O20)+COUNTIFS($A$5:A20,A20,$F$5:F20,"?*",$O$5:O20,O20))) | O20: =IF(A20="","",IF(C20="",0,C20))
B21: =IF(A21="","",CHOOSE(WEEKDAY(A21,2),"Пн","Вт","Ср","Чт","Пт","Сб","Вс")) | E21: =IF(OR(C21="",D21=""),"",MOD(D21-C21,1)*24) | L21: =IF(OR(A21="",C21="",D21=""),"",IF(COUNTIFS($A$5:$A$3004,A21,$C$5:$C$3004,"<"&D21,$D$5:$D$3004,">"&C21)>1,"⚠️ пересечение","")) | M21: =IF(F21="","",IF(J21="✅ Сделано","✔ ",IF(J21="❌ Пропущено","✖ ","⏰ "))&IF(C21="","",RIGHT("0"&HOUR(C21),2)&":"&RIGHT("0"&MINUTE(C21),2)&IF(D21="","","–"&RIGHT("0"&HOUR(D21),2)&":"&RIGHT("0"&MINUTE(D21),2))&" ")&F21) | N21: =IF(OR(A21="",F21=""),"",A21&"#"&(COUNTIFS($A$5:$A$3004,A21,$F$5:$F$3004,"?*",$O$5:$O$3004,"<"&O21)+COUNTIFS($A$5:A21,A21,$F$5:F21,"?*",$O$5:O21,O21))) | O21: =IF(A21="","",IF(C21="",0,C21))
B22: =IF(A22="","",CHOOSE(WEEKDAY(A22,2),"Пн","Вт","Ср","Чт","Пт","Сб","Вс")) | E22: =IF(OR(C22="",D22=""),"",MOD(D22-C22,1)*24) | L22: =IF(OR(A22="",C22="",D22=""),"",IF(COUNTIFS($A$5:$A$3004,A22,$C$5:$C$3004,"<"&D22,$D$5:$D$3004,">"&C22)>1,"⚠️ пересечение","")) | M22: =IF(F22="","",IF(J22="✅ Сделано","✔ ",IF(J22="❌ Пропущено","✖ ","⏰ "))&IF(C22="","",RIGHT("0"&HOUR(C22),2)&":"&RIGHT("0"&MINUTE(C22),2)&IF(D22="","","–"&RIGHT("0"&HOUR(D22),2)&":"&RIGHT("0"&MINUTE(D22),2))&" ")&F22) | N22: =IF(OR(A22="",F22=""),"",A22&"#"&(COUNTIFS($A$5:$A$3004,A22,$F$5:$F$3004,"?*",$O$5:$O$3004,"<"&O22)+COUNTIFS($A$5:A22,A22,$F$5:F22,"?*",$O$5:O22,O22))) | O22: =IF(A22="","",IF(C22="",0,C22))
B23: =IF(A23="","",CHOOSE(WEEKDAY(A23,2),"Пн","Вт","Ср","Чт","Пт","Сб","Вс")) | E23: =IF(OR(C23="",D23=""),"",MOD(D23-C23,1)*24) | L23: =IF(OR(A23="",C23="",D23=""),"",IF(COUNTIFS($A$5:$A$3004,A23,$C$5:$C$3004,"<"&D23,$D$5:$D$3004,">"&C23)>1,"⚠️ пересечение","")) | M23: =IF(F23="","",IF(J23="✅ Сделано","✔ ",IF(J23="❌ Пропущено","✖ ","⏰ "))&IF(C23="","",RIGHT("0"&HOUR(C23),2)&":"&RIGHT("0"&MINUTE(C23),2)&IF(D23="","","–"&RIGHT("0"&HOUR(D23),2)&":"&RIGHT("0"&MINUTE(D23),2))&" ")&F23) | N23: =IF(OR(A23="",F23=""),"",A23&"#"&(COUNTIFS($A$5:$A$3004,A23,$F$5:$F$3004,"?*",$O$5:$O$3004,"<"&O23)+COUNTIFS($A$5:A23,A23,$F$5:F23,"?*",$O$5:O23,O23))) | O23: =IF(A23="","",IF(C23="",0,C23))
B24: =IF(A24="","",CHOOSE(WEEKDAY(A24,2),"Пн","Вт","Ср","Чт","Пт","Сб","Вс")) | E24: =IF(OR(C24="",D24=""),"",MOD(D24-C24,1)*24) | L24: =IF(OR(A24="",C24="",D24=""),"",IF(COUNTIFS($A$5:$A$3004,A24,$C$5:$C$3004,"<"&D24,$D$5:$D$3004,">"&C24)>1,"⚠️ пересечение","")) | M24: =IF(F24="","",IF(J24="✅ Сделано","✔ ",IF(J24="❌ Пропущено","✖ ","⏰ "))&IF(C24="","",RIGHT("0"&HOUR(C24),2)&":"&RIGHT("0"&MINUTE(C24),2)&IF(D24="","","–"&RIGHT("0"&HOUR(D24),2)&":"&RIGHT("0"&MINUTE(D24),2))&" ")&F24) | N24: =IF(OR(A24="",F24=""),"",A24&"#"&(COUNTIFS($A$5:$A$3004,A24,$F$5:$F$3004,"?*",$O$5:$O$3004,"<"&O24)+COUNTIFS($A$5:A24,A24,$F$5:F24,"?*",$O$5:O24,O24))) | O24: =IF(A24="","",IF(C24="",0,C24))
B25: =IF(A25="","",CHOOSE(WEEKDAY(A25,2),"Пн","Вт","Ср","Чт","Пт","Сб","Вс")) | E25: =IF(OR(C25="",D25=""),"",MOD(D25-C25,1)*24) | L25: =IF(OR(A25="",C25="",D25=""),"",IF(COUNTIFS($A$5:$A$3004,A25,$C$5:$C$3004,"<"&D25,$D$5:$D$3004,">"&C25)>1,"⚠️ пересечение","")) | M25: =IF(F25="","",IF(J25="✅ Сделано","✔ ",IF(J25="❌ Пропущено","✖ ","⏰ "))&IF(C25="","",RIGHT("0"&HOUR(C25),2)&":"&RIGHT("0"&MINUTE(C25),2)&IF(D25="","","–"&RIGHT("0"&HOUR(D25),2)&":"&RIGHT("0"&MINUTE(D25),2))&" ")&F25) | N25: =IF(OR(A25="",F25=""),"",A25&"#"&(COUNTIFS($A$5:$A$3004,A25,$F$5:$F$3004,"?*",$O$5:$O$3004,"<"&O25)+COUNTIFS($A$5:A25,A25,$F$5:F25,"?*",$O$5:O25,O25))) | O25: =IF(A25="","",IF(C25="",0,C25))
B26: =IF(A26="","",CHOOSE(WEEKDAY(A26,2),"Пн","Вт","Ср","Чт","Пт","Сб","Вс")) | E26: =IF(OR(C26="",D26=""),"",MOD(D26-C26,1)*24) | L26: =IF(OR(A26="",C26="",D26=""),"",IF(COUNTIFS($A$5:$A$3004,A26,$C$5:$C$3004,"<"&D26,$D$5:$D$3004,">"&C26)>1,"⚠️ пересечение","")) | M26: =IF(F26="","",IF(J26="✅ Сделано","✔ ",IF(J26="❌ Пропущено","✖ ","⏰ "))&IF(C26="","",RIGHT("0"&HOUR(C26),2)&":"&RIGHT("0"&MINUTE(C26),2)&IF(D26="","","–"&RIGHT("0"&HOUR(D26),2)&":"&RIGHT("0"&MINUTE(D26),2))&" ")&F26) | N26: =IF(OR(A26="",F26=""),"",A26&"#"&(COUNTIFS($A$5:$A$3004,A26,$F$5:$F$3004,"?*",$O$5:$O$3004,"<"&O26)+COUNTIFS($A$5:A26,A26,$F$5:F26,"?*",$O$5:O26,O26))) | O26: =IF(A26="","",IF(C26="",0,C26))
B27: =IF(A27="","",CHOOSE(WEEKDAY(A27,2),"Пн","Вт","Ср","Чт","Пт","Сб","Вс")) | E27: =IF(OR(C27="",D27=""),"",MOD(D27-C27,1)*24) | L27: =IF(OR(A27="",C27="",D27=""),"",IF(COUNTIFS($A$5:$A$3004,A27,$C$5:$C$3004,"<"&D27,$D$5:$D$3004,">"&C27)>1,"⚠️ пересечение","")) | M27: =IF(F27="","",IF(J27="✅ Сделано","✔ ",IF(J27="❌ Пропущено","✖ ","⏰ "))&IF(C27="","",RIGHT("0"&HOUR(C27),2)&":"&RIGHT("0"&MINUTE(C27),2)&IF(D27="","","–"&RIGHT("0"&HOUR(D27),2)&":"&RIGHT("0"&MINUTE(D27),2))&" ")&F27) | N27: =IF(OR(A27="",F27=""),"",A27&"#"&(COUNTIFS($A$5:$A$3004,A27,$F$5:$F$3004,"?*",$O$5:$O$3004,"<"&O27)+COUNTIFS($A$5:A27,A27,$F$5:F27,"?*",$O$5:O27,O27))) | O27: =IF(A27="","",IF(C27="",0,C27))
B28: =IF(A28="","",CHOOSE(WEEKDAY(A28,2),"Пн","Вт","Ср","Чт","Пт","Сб","Вс")) | E28: =IF(OR(C28="",D28=""),"",MOD(D28-C28,1)*24) | L28: =IF(OR(A28="",C28="",D28=""),"",IF(COUNTIFS($A$5:$A$3004,A28,$C$5:$C$3004,"<"&D28,$D$5:$D$3004,">"&C28)>1,"⚠️ пересечение","")) | M28: =IF(F28="","",IF(J28="✅ Сделано","✔ ",IF(J28="❌ Пропущено","✖ ","⏰ "))&IF(C28="","",RIGHT("0"&HOUR(C28),2)&":"&RIGHT("0"&MINUTE(C28),2)&IF(D28="","","–"&RIGHT("0"&HOUR(D28),2)&":"&RIGHT("0"&MINUTE(D28),2))&" ")&F28) | N28: =IF(OR(A28="",F28=""),"",A28&"#"&(COUNTIFS($A$5:$A$3004,A28,$F$5:$F$3004,"?*",$O$5:$O$3004,"<"&O28)+COUNTIFS($A$5:A28,A28,$F$5:F28,"?*",$O$5:O28,O28))) | O28: =IF(A28="","",IF(C28="",0,C28))
... B3004: =IF(A3004="","",CHOOSE(WEEKDAY(A3004,2),"Пн","Вт","Ср","Чт","Пт","Сб","Вс")) | E3004: =IF(OR(C3004="",D3004=""),"",MOD(D3004-C3004,1)*24) | L3004: =IF(OR(A3004="",C3004="",D3004=""),"",IF(COUNTIFS($A$5:$A$3004,A3004,$C$5:$C$3004,"<"&D3004,$D$5:$D$3004,">"&C3004)>1,"⚠️ пересечение","")) | M3004: =IF(F3004="","",IF(J3004="✅ Сделано","✔ ",IF(J3004="❌ Пропущено","✖ ","⏰ "))&IF(C3004="","",RIGHT("0"&HOUR(C3004),2)&":"&RIGHT("0"&MINUTE(C3004),2)&IF(D3004="","","–"&RIGHT("0"&HOUR(D3004),2)&":"&RIGHT("0"&MINUTE(D3004),2))&" ")&F3004) | N3004: =IF(OR(A3004="",F3004=""),"",A3004&"#"&(COUNTIFS($A$5:$A$3004,A3004,$F$5:$F$3004,"?*",$O$5:$O$3004,"<"&O3004)+COUNTIFS($A$5:A3004,A3004,$F$5:F3004,"?*",$O$5:O3004,O3004))) | O3004: =IF(A3004="","",IF(C3004="",0,C3004))

Sheet 📊 Итоги
A1: 📊 Итоги по задачам и делам
A2: Всё считается автоматически: статусы, группы занятий, категории и приоритеты. % выполнения считается без отменённых задач.
A3: 🚦 По статусам
A4: Статус | B4: Задач | C4: Доля
A5: ⏳ Не начата | B5: =COUNTIFS(t_status,$A5,t_name,"?*") | C5: =IF(B$9=0,"",B5/B$9)
A6: 🔄 В работе | B6: =COUNTIFS(t_status,$A6,t_name,"?*") | C6: =IF(B$9=0,"",B6/B$9)
A7: ✅ Выполнена | B7: =COUNTIFS(t_status,$A7,t_name,"?*") | C7: =IF(B$9=0,"",B7/B$9)
A8: ❌ Отменена | B8: =COUNTIFS(t_status,$A8,t_name,"?*") | C8: =IF(B$9=0,"",B8/B$9)
A9: Σ Всего задач | B9: =SUM(B5:B8)
A10: ❗ Из них просрочено | B10: =COUNTIFS(t_od,">0")
A11: 📭 Без срока | B11: =COUNTIFS(t_name,"?*")-COUNTIFS(t_name,"?*",t_date,">0")
A14: 🗂 По группам занятий
B15: Задач | C15: ✅ Выполнено | D15: 🎯 % | E15: ❗ Просрочено | F15: 🕘 Дел | G15: ⏱ Часов план | H15: ⏱ Часов сделано
A16: =IF('📚 Справочник'!A5="","",'📚 Справочник'!A5) | B16: =IF($A16="","",COUNTIFS(t_group,$A16,t_status,"<>❌ Отменена",t_name,"?*")) | C16: =IF($A16="","",COUNTIFS(t_group,$A16,t_status,"✅ Выполнена")) | D16: =IF(OR($A16="",N(B16)=0),"",C16/B16) | E16: =IF($A16="","",COUNTIFS(t_group,$A16,t_od,">0")) | F16: =IF($A16="","",COUNTIFS(e_group,$A16,e_name,"?*")) | G16: =IF($A16="","",SUMIFS(e_dur,e_group,$A16)) | H16: =IF($A16="","",SUMIFS(e_dur,e_group,$A16,e_status,"✅ Сделано"))
A17: =IF('📚 Справочник'!A6="","",'📚 Справочник'!A6) | B17: =IF($A17="","",COUNTIFS(t_group,$A17,t_status,"<>❌ Отменена",t_name,"?*")) | C17: =IF($A17="","",COUNTIFS(t_group,$A17,t_status,"✅ Выполнена")) | D17: =IF(OR($A17="",N(B17)=0),"",C17/B17) | E17: =IF($A17="","",COUNTIFS(t_group,$A17,t_od,">0")) | F17: =IF($A17="","",COUNTIFS(e_group,$A17,e_name,"?*")) | G17: =IF($A17="","",SUMIFS(e_dur,e_group,$A17)) | H17: =IF($A17="","",SUMIFS(e_dur,e_group,$A17,e_status,"✅ Сделано"))
A18: =IF('📚 Справочник'!A7="","",'📚 Справочник'!A7) | B18: =IF($A18="","",COUNTIFS(t_group,$A18,t_status,"<>❌ Отменена",t_name,"?*")) | C18: =IF($A18="","",COUNTIFS(t_group,$A18,t_status,"✅ Выполнена")) | D18: =IF(OR($A18="",N(B18)=0),"",C18/B18) | E18: =IF($A18="","",COUNTIFS(t_group,$A18,t_od,">0")) | F18: =IF($A18="","",COUNTIFS(e_group,$A18,e_name,"?*")) | G18: =IF($A18="","",SUMIFS(e_dur,e_group,$A18)) | H18: =IF($A18="","",SUMIFS(e_dur,e_group,$A18,e_status,"✅ Сделано"))
A19: =IF('📚 Справочник'!A8="","",'📚 Справочник'!A8) | B19: =IF($A19="","",COUNTIFS(t_group,$A19,t_status,"<>❌ Отменена",t_name,"?*")) | C19: =IF($A19="","",COUNTIFS(t_group,$A19,t_status,"✅ Выполнена")) | D19: =IF(OR($A19="",N(B19)=0),"",C19/B19) | E19: =IF($A19="","",COUNTIFS(t_group,$A19,t_od,">0")) | F19: =IF($A19="","",COUNTIFS(e_group,$A19,e_name,"?*")) | G19: =IF($A19="","",SUMIFS(e_dur,e_group,$A19)) | H19: =IF($A19="","",SUMIFS(e_dur,e_group,$A19,e_status,"✅ Сделано"))
A20: =IF('📚 Справочник'!A9="","",'📚 Справочник'!A9) | B20: =IF($A20="","",COUNTIFS(t_group,$A20,t_status,"<>❌ Отменена",t_name,"?*")) | C20: =IF($A20="","",COUNTIFS(t_group,$A20,t_status,"✅ Выполнена")) | D20: =IF(OR($A20="",N(B20)=0),"",C20/B20) | E20: =IF($A20="","",COUNTIFS(t_group,$A20,t_od,">0")) | F20: =IF($A20="","",COUNTIFS(e_group,$A20,e_name,"?*")) | G20: =IF($A20="","",SUMIFS(e_dur,e_group,$A20)) | H20: =IF($A20="","",SUMIFS(e_dur,e_group,$A20,e_status,"✅ Сделано"))
A21: =IF('📚 Справочник'!A10="","",'📚 Справочник'!A10) | B21: =IF($A21="","",COUNTIFS(t_group,$A21,t_status,"<>❌ Отменена",t_name,"?*")) | C21: =IF($A21="","",COUNTIFS(t_group,$A21,t_status,"✅ Выполнена")) | D21: =IF(OR($A21="",N(B21)=0),"",C21/B21) | E21: =IF($A21="","",COUNTIFS(t_group,$A21,t_od,">0")) | F21: =IF($A21="","",COUNTIFS(e_group,$A21,e_name,"?*")) | G21: =IF($A21="","",SUMIFS(e_dur,e_group,$A21)) | H21: =IF($A21="","",SUMIFS(e_dur,e_group,$A21,e_status,"✅ Сделано"))
A22: =IF('📚 Справочник'!A11="","",'📚 Справочник'!A11) | B22: =IF($A22="","",COUNTIFS(t_group,$A22,t_status,"<>❌ Отменена",t_name,"?*")) | C22: =IF($A22="","",COUNTIFS(t_group,$A22,t_status,"✅ Выполнена")) | D22: =IF(OR($A22="",N(B22)=0),"",C22/B22) | E22: =IF($A22="","",COUNTIFS(t_group,$A22,t_od,">0")) | F22: =IF($A22="","",COUNTIFS(e_group,$A22,e_name,"?*")) | G22: =IF($A22="","",SUMIFS(e_dur,e_group,$A22)) | H22: =IF($A22="","",SUMIFS(e_dur,e_group,$A22,e_status,"✅ Сделано"))
A23: =IF('📚 Справочник'!A12="","",'📚 Справочник'!A12) | B23: =IF($A23="","",COUNTIFS(t_group,$A23,t_status,"<>❌ Отменена",t_name,"?*")) | C23: =IF($A23="","",COUNTIFS(t_group,$A23,t_status,"✅ Выполнена")) | D23: =IF(OR($A23="",N(B23)=0),"",C23/B23) | E23: =IF($A23="","",COUNTIFS(t_group,$A23,t_od,">0")) | F23: =IF($A23="","",COUNTIFS(e_group,$A23,e_name,"?*")) | G23: =IF($A23="","",SUMIFS(e_dur,e_group,$A23)) | H23: =IF($A23="","",SUMIFS(e_dur,e_group,$A23,e_status,"✅ Сделано"))
A24: =IF('📚 Справочник'!A13="","",'📚 Справочник'!A13) | B24: =IF($A24="","",COUNTIFS(t_group,$A24,t_status,"<>❌ Отменена",t_name,"?*")) | C24: =IF($A24="","",COUNTIFS(t_group,$A24,t_status,"✅ Выполнена")) | D24: =IF(OR($A24="",N(B24)=0),"",C24/B24) | E24: =IF($A24="","",COUNTIFS(t_group,$A24,t_od,">0")) | F24: =IF($A24="","",COUNTIFS(e_group,$A24,e_name,"?*")) | G24: =IF($A24="","",SUMIFS(e_dur,e_group,$A24)) | H24: =IF($A24="","",SUMIFS(e_dur,e_group,$A24,e_status,"✅ Сделано"))
A25: =IF('📚 Справочник'!A14="","",'📚 Справочник'!A14) | B25: =IF($A25="","",COUNTIFS(t_group,$A25,t_status,"<>❌ Отменена",t_name,"?*")) | C25: =IF($A25="","",COUNTIFS(t_group,$A25,t_status,"✅ Выполнена")) | D25: =IF(OR($A25="",N(B25)=0),"",C25/B25) | E25: =IF($A25="","",COUNTIFS(t_group,$A25,t_od,">0")) | F25: =IF($A25="","",COUNTIFS(e_group,$A25,e_name,"?*")) | G25: =IF($A25="","",SUMIFS(e_dur,e_group,$A25)) | H25: =IF($A25="","",SUMIFS(e_dur,e_group,$A25,e_status,"✅ Сделано"))
A26: =IF('📚 Справочник'!A15="","",'📚 Справочник'!A15) | B26: =IF($A26="","",COUNTIFS(t_group,$A26,t_status,"<>❌ Отменена",t_name,"?*")) | C26: =IF($A26="","",COUNTIFS(t_group,$A26,t_status,"✅ Выполнена")) | D26: =IF(OR($A26="",N(B26)=0),"",C26/B26) | E26: =IF($A26="","",COUNTIFS(t_group,$A26,t_od,">0")) | F26: =IF($A26="","",COUNTIFS(e_group,$A26,e_name,"?*")) | G26: =IF($A26="","",SUMIFS(e_dur,e_group,$A26)) | H26: =IF($A26="","",SUMIFS(e_dur,e_group,$A26,e_status,"✅ Сделано"))
A27: =IF('📚 Справочник'!A16="","",'📚 Справочник'!A16) | B27: =IF($A27="","",COUNTIFS(t_group,$A27,t_status,"<>❌ Отменена",t_name,"?*")) | C27: =IF($A27="","",COUNTIFS(t_group,$A27,t_status,"✅ Выполнена")) | D27: =IF(OR($A27="",N(B27)=0),"",C27/B27) | E27: =IF($A27="","",COUNTIFS(t_group,$A27,t_od,">0")) | F27: =IF($A27="","",COUNTIFS(e_group,$A27,e_name,"?*")) | G27: =IF($A27="","",SUMIFS(e_dur,e_group,$A27)) | H27: =IF($A27="","",SUMIFS(e_dur,e_group,$A27,e_status,"✅ Сделано"))
A28: Σ Итого | B28: =SUM(B16:B27) | C28: =SUM(C16:C27) | D28: =IF(B28=0,"",C28/B28) | E28: =SUM(E16:E27) | F28: =SUM(F16:F27) | G28: =SUM(G16:G27) | H28: =SUM(H16:H27)
A31: 🏷 По категориям
B32: Задач | C32: ✅ Выполнено | D32: 🎯 % | E32: ❗ Просрочено | F32: 🕘 Дел | G32: ⏱ Часов план | H32: ⏱ Часов сделано
A33: =IF('📚 Справочник'!C5="","",'📚 Справочник'!C5) | B33: =IF($A33="","",COUNTIFS(t_cat,$A33,t_status,"<>❌ Отменена",t_name,"?*")) | C33: =IF($A33="","",COUNTIFS(t_cat,$A33,t_status,"✅ Выполнена")) | D33: =IF(OR($A33="",N(B33)=0),"",C33/B33) | E33: =IF($A33="","",COUNTIFS(t_cat,$A33,t_od,">0")) | F33: =IF($A33="","",COUNTIFS(e_cat,$A33,e_name,"?*")) | G33: =IF($A33="","",SUMIFS(e_dur,e_cat,$A33)) | H33: =IF($A33="","",SUMIFS(e_dur,e_cat,$A33,e_status,"✅ Сделано"))
A34: =IF('📚 Справочник'!C6="","",'📚 Справочник'!C6) | B34: =IF($A34="","",COUNTIFS(t_cat,$A34,t_status,"<>❌ Отменена",t_name,"?*")) | C34: =IF($A34="","",COUNTIFS(t_cat,$A34,t_status,"✅ Выполнена")) | D34: =IF(OR($A34="",N(B34)=0),"",C34/B34) | E34: =IF($A34="","",COUNTIFS(t_cat,$A34,t_od,">0")) | F34: =IF($A34="","",COUNTIFS(e_cat,$A34,e_name,"?*")) | G34: =IF($A34="","",SUMIFS(e_dur,e_cat,$A34)) | H34: =IF($A34="","",SUMIFS(e_dur,e_cat,$A34,e_status,"✅ Сделано"))
A35: =IF('📚 Справочник'!C7="","",'📚 Справочник'!C7) | B35: =IF($A35="","",COUNTIFS(t_cat,$A35,t_status,"<>❌ Отменена",t_name,"?*")) | C35: =IF($A35="","",COUNTIFS(t_cat,$A35,t_status,"✅ Выполнена")) | D35: =IF(OR($A35="",N(B35)=0),"",C35/B35) | E35: =IF($A35="","",COUNTIFS(t_cat,$A35,t_od,">0")) | F35: =IF($A35="","",COUNTIFS(e_cat,$A35,e_name,"?*")) | G35: =IF($A35="","",SUMIFS(e_dur,e_cat,$A35)) | H35: =IF($A35="","",SUMIFS(e_dur,e_cat,$A35,e_status,"✅ Сделано"))
A36: =IF('📚 Справочник'!C8="","",'📚 Справочник'!C8) | B36: =IF($A36="","",COUNTIFS(t_cat,$A36,t_status,"<>❌ Отменена",t_name,"?*")) | C36: =IF($A36="","",COUNTIFS(t_cat,$A36,t_status,"✅ Выполнена")) | D36: =IF(OR($A36="",N(B36)=0),"",C36/B36) | E36: =IF($A36="","",COUNTIFS(t_cat,$A36,t_od,">0")) | F36: =IF($A36="","",COUNTIFS(e_cat,$A36,e_name,"?*")) | G36: =IF($A36="","",SUMIFS(e_dur,e_cat,$A36)) | H36: =IF($A36="","",SUMIFS(e_dur,e_cat,$A36,e_status,"✅ Сделано"))
A37: =IF('📚 Справочник'!C9="","",'📚 Справочник'!C9) | B37: =IF($A37="","",COUNTIFS(t_cat,$A37,t_status,"<>❌ Отменена",t_name,"?*")) | C37: =IF($A37="","",COUNTIFS(t_cat,$A37,t_status,"✅ Выполнена")) | D37: =IF(OR($A37="",N(B37)=0),"",C37/B37) | E37: =IF($A37="","",COUNTIFS(t_cat,$A37,t_od,">0")) | F37: =IF($A37="","",COUNTIFS(e_cat,$A37,e_name,"?*")) | G37: =IF($A37="","",SUMIFS(e_dur,e_cat,$A37)) | H37: =IF($A37="","",SUMIFS(e_dur,e_cat,$A37,e_status,"✅ Сделано"))
A38: =IF('📚 Справочник'!C10="","",'📚 Справочник'!C10) | B38: =IF($A38="","",COUNTIFS(t_cat,$A38,t_status,"<>❌ Отменена",t_name,"?*")) | C38: =IF($A38="","",COUNTIFS(t_cat,$A38,t_status,"✅ Выполнена")) | D38: =IF(OR($A38="",N(B38)=0),"",C38/B38) | E38: =IF($A38="","",COUNTIFS(t_cat,$A38,t_od,">0")) | F38: =IF($A38="","",COUNTIFS(e_cat,$A38,e_name,"?*")) | G38: =IF($A38="","",SUMIFS(e_dur,e_cat,$A38)) | H38: =IF($A38="","",SUMIFS(e_dur,e_cat,$A38,e_status,"✅ Сделано"))
A39: =IF('📚 Справочник'!C11="","",'📚 Справочник'!C11) | B39: =IF($A39="","",COUNTIFS(t_cat,$A39,t_status,"<>❌ Отменена",t_name,"?*")) | C39: =IF($A39="","",COUNTIFS(t_cat,$A39,t_status,"✅ Выполнена")) | D39: =IF(OR($A39="",N(B39)=0),"",C39/B39) | E39: =IF($A39="","",COUNTIFS(t_cat,$A39,t_od,">0")) | F39: =IF($A39="","",COUNTIFS(e_cat,$A39,e_name,"?*")) | G39: =IF($A39="","",SUMIFS(e_dur,e_cat,$A39)) | H39: =IF($A39="","",SUMIFS(e_dur,e_cat,$A39,e_status,"✅ Сделано"))
A40: =IF('📚 Справочник'!C12="","",'📚 Справочник'!C12) | B40: =IF($A40="","",COUNTIFS(t_cat,$A40,t_status,"<>❌ Отменена",t_name,"?*")) | C40: =IF($A40="","",COUNTIFS(t_cat,$A40,t_status,"✅ Выполнена")) | D40: =IF(OR($A40="",N(B40)=0),"",C40/B40) | E40: =IF($A40="","",COUNTIFS(t_cat,$A40,t_od,">0")) | F40: =IF($A40="","",COUNTIFS(e_cat,$A40,e_name,"?*")) | G40: =IF($A40="","",SUMIFS(e_dur,e_cat,$A40)) | H40: =IF($A40="","",SUMIFS(e_dur,e_cat,$A40,e_status,"✅ Сделано"))
A41: =IF('📚 Справочник'!C13="","",'📚 Справочник'!C13) | B41: =IF($A41="","",COUNTIFS(t_cat,$A41,t_status,"<>❌ Отменена",t_name,"?*")) | C41: =IF($A41="","",COUNTIFS(t_cat,$A41,t_status,"✅ Выполнена")) | D41: =IF(OR($A41="",N(B41)=0),"",C41/B41) | E41: =IF($A41="","",COUNTIFS(t_cat,$A41,t_od,">0")) | F41: =IF($A41="","",COUNTIFS(e_cat,$A41,e_name,"?*")) | G41: =IF($A41="","",SUMIFS(e_dur,e_cat,$A41)) | H41: =IF($A41="","",SUMIFS(e_dur,e_cat,$A41,e_status,"✅ Сделано"))
A42: =IF('📚 Справочник'!C14="","",'📚 Справочник'!C14) | B42: =IF($A42="","",COUNTIFS(t_cat,$A42,t_status,"<>❌ Отменена",t_name,"?*")) | C42: =IF($A42="","",COUNTIFS(t_cat,$A42,t_status,"✅ Выполнена")) | D42: =IF(OR($A42="",N(B42)=0),"",C42/B42) | E42: =IF($A42="","",COUNTIFS(t_cat,$A42,t_od,">0")) | F42: =IF($A42="","",COUNTIFS(e_cat,$A42,e_name,"?*")) | G42: =IF($A42="","",SUMIFS(e_dur,e_cat,$A42)) | H42: =IF($A42="","",SUMIFS(e_dur,e_cat,$A42,e_status,"✅ Сделано"))
A43: =IF('📚 Справочник'!C15="","",'📚 Справочник'!C15) | B43: =IF($A43="","",COUNTIFS(t_cat,$A43,t_status,"<>❌ Отменена",t_name,"?*")) | C43: =IF($A43="","",COUNTIFS(t_cat,$A43,t_status,"✅ Выполнена")) | D43: =IF(OR($A43="",N(B43)=0),"",C43/B43) | E43: =IF($A43="","",COUNTIFS(t_cat,$A43,t_od,">0")) | F43: =IF($A43="","",COUNTIFS(e_cat,$A43,e_name,"?*")) | G43: =IF($A43="","",SUMIFS(e_dur,e_cat,$A43)) | H43: =IF($A43="","",SUMIFS(e_dur,e_cat,$A43,e_status,"✅ Сделано"))
A44: =IF('📚 Справочник'!C16="","",'📚 Справочник'!C16) | B44: =IF($A44="","",COUNTIFS(t_cat,$A44,t_status,"<>❌ Отменена",t_name,"?*")) | C44: =IF($A44="","",COUNTIFS(t_cat,$A44,t_status,"✅ Выполнена")) | D44: =IF(OR($A44="",N(B44)=0),"",C44/B44) | E44: =IF($A44="","",COUNTIFS(t_cat,$A44,t_od,">0")) | F44: =IF($A44="","",COUNTIFS(e_cat,$A44,e_name,"?*")) | G44: =IF($A44="","",SUMIFS(e_dur,e_cat,$A44)) | H44: =IF($A44="","",SUMIFS(e_dur,e_cat,$A44,e_status,"✅ Сделано"))
A45: Σ Итого | B45: =SUM(B33:B44) | C45: =SUM(C33:C44) | D45: =IF(B45=0,"",C45/B45) | E45: =SUM(E33:E44) | F45: =SUM(F33:F44) | G45: =SUM(G33:G44) | H45: =SUM(H33:H44)
A48: 🎯 По приоритетам
B49: Задач | C49: ✅ Выполнено | D49: 🎯 % | E49: ❗ Просрочено | F49: 🕘 Дел | G49: ⏱ Часов план | H49: ⏱ Часов сделано
A50: 🔥 Высокий | B50: =IF($A50="","",COUNTIFS(t_prio,$A50,t_status,"<>❌ Отменена",t_name,"?*")) | C50: =IF($A50="","",COUNTIFS(t_prio,$A50,t_status,"✅ Выполнена")) | D50: =IF(OR($A50="",N(B50)=0),"",C50/B50) | E50: =IF($A50="","",COUNTIFS(t_prio,$A50,t_od,">0"))
A51: ⭐ Средний | B51: =IF($A51="","",COUNTIFS(t_prio,$A51,t_status,"<>❌ Отменена",t_name,"?*")) | C51: =IF($A51="","",COUNTIFS(t_prio,$A51,t_status,"✅ Выполнена")) | D51: =IF(OR($A51="",N(B51)=0),"",C51/B51) | E51: =IF($A51="","",COUNTIFS(t_prio,$A51,t_od,">0"))
A52: 💤 Низкий | B52: =IF($A52="","",COUNTIFS(t_prio,$A52,t_status,"<>❌ Отменена",t_name,"?*")) | C52: =IF($A52="","",COUNTIFS(t_prio,$A52,t_status,"✅ Выполнена")) | D52: =IF(OR($A52="",N(B52)=0),"",C52/B52) | E52: =IF($A52="","",COUNTIFS(t_prio,$A52,t_od,">0"))
A53: Σ Итого | B53: =SUM(B50:B52) | C53: =SUM(C50:C52) | D53: =IF(B53=0,"",C53/B53) | E53: =SUM(E50:E52) | F53: =SUM(F50:F52) | G53: =SUM(G50:G52) | H53: =SUM(H50:H52)

Sheet 🗓 По месяцам
A1: 🗓 По месяцам: январь 2026 → декабрь 2030
A2: Задачи считаются по месяцу срока, «Закрыто» — по дате выполнения. Дела и часы — из «🕘 План дня». Текущий месяц подсвечен жёлтым.
A4: 📆 Год | B4: 🗓 Месяц | C4: начало | D4: Подпись | E4: 📌 Задач со сроком | F4: ✅ Выполнено | G4: 🎯 % | H4: ❗ Просрочено | I4: 🏁 Закрыто в месяце | J4: 🕘 Дел | K4: ⏱ Часов план | L4: ⏱ Часов сделано
A5: 2026 | B5: Январь | C5: 46023 | D5: =LEFT(B5,3)&" "&RIGHT(A5,2) | E5: =COUNTIFS(t_date,">="&C5,t_date,"<"&EDATE(C5,1),t_name,"?*",t_status,"<>❌ Отменена") | F5: =COUNTIFS(t_date,">="&C5,t_date,"<"&EDATE(C5,1),t_status,"✅ Выполнена") | G5: =IF(E5=0,"",F5/E5) | H5: =COUNTIFS(t_date,">="&C5,t_date,"<"&EDATE(C5,1),t_od,">0") | I5: =COUNTIFS(t_done,">="&C5,t_done,"<"&EDATE(C5,1)) | J5: =COUNTIFS(e_date,">="&C5,e_date,"<"&EDATE(C5,1),e_name,"?*") | K5: =SUMIFS(e_dur,e_date,">="&C5,e_date,"<"&EDATE(C5,1)) | L5: =SUMIFS(e_dur,e_date,">="&C5,e_date,"<"&EDATE(C5,1),e_status,"✅ Сделано")
A6: 2026 | B6: Февраль | C6: 46054 | D6: =LEFT(B6,3)&" "&RIGHT(A6,2) | E6: =COUNTIFS(t_date,">="&C6,t_date,"<"&EDATE(C6,1),t_name,"?*",t_status,"<>❌ Отменена") | F6: =COUNTIFS(t_date,">="&C6,t_date,"<"&EDATE(C6,1),t_status,"✅ Выполнена") | G6: =IF(E6=0,"",F6/E6) | H6: =COUNTIFS(t_date,">="&C6,t_date,"<"&EDATE(C6,1),t_od,">0") | I6: =COUNTIFS(t_done,">="&C6,t_done,"<"&EDATE(C6,1)) | J6: =COUNTIFS(e_date,">="&C6,e_date,"<"&EDATE(C6,1),e_name,"?*") | K6: =SUMIFS(e_dur,e_date,">="&C6,e_date,"<"&EDATE(C6,1)) | L6: =SUMIFS(e_dur,e_date,">="&C6,e_date,"<"&EDATE(C6,1),e_status,"✅ Сделано")
A7: 2026 | B7: Март | C7: 46082 | D7: =LEFT(B7,3)&" "&RIGHT(A7,2) | E7: =COUNTIFS(t_date,">="&C7,t_date,"<"&EDATE(C7,1),t_name,"?*",t_status,"<>❌ Отменена") | F7: =COUNTIFS(t_date,">="&C7,t_date,"<"&EDATE(C7,1),t_status,"✅ Выполнена") | G7: =IF(E7=0,"",F7/E7) | H7: =COUNTIFS(t_date,">="&C7,t_date,"<"&EDATE(C7,1),t_od,">0") | I7: =COUNTIFS(t_done,">="&C7,t_done,"<"&EDATE(C7,1)) | J7: =COUNTIFS(e_date,">="&C7,e_date,"<"&EDATE(C7,1),e_name,"?*") | K7: =SUMIFS(e_dur,e_date,">="&C7,e_date,"<"&EDATE(C7,1)) | L7: =SUMIFS(e_dur,e_date,">="&C7,e_date,"<"&EDATE(C7,1),e_status,"✅ Сделано")
A8: 2026 | B8: Апрель | C8: 46113 | D8: =LEFT(B8,3)&" "&RIGHT(A8,2) | E8: =COUNTIFS(t_date,">="&C8,t_date,"<"&EDATE(C8,1),t_name,"?*",t_status,"<>❌ Отменена") | F8: =COUNTIFS(t_date,">="&C8,t_date,"<"&EDATE(C8,1),t_status,"✅ Выполнена") | G8: =IF(E8=0,"",F8/E8) | H8: =COUNTIFS(t_date,">="&C8,t_date,"<"&EDATE(C8,1),t_od,">0") | I8: =COUNTIFS(t_done,">="&C8,t_done,"<"&EDATE(C8,1)) | J8: =COUNTIFS(e_date,">="&C8,e_date,"<"&EDATE(C8,1),e_name,"?*") | K8: =SUMIFS(e_dur,e_date,">="&C8,e_date,"<"&EDATE(C8,1)) | L8: =SUMIFS(e_dur,e_date,">="&C8,e_date,"<"&EDATE(C8,1),e_status,"✅ Сделано")
A9: 2026 | B9: Май | C9: 46143 | D9: =LEFT(B9,3)&" "&RIGHT(A9,2) | E9: =COUNTIFS(t_date,">="&C9,t_date,"<"&EDATE(C9,1),t_name,"?*",t_status,"<>❌ Отменена") | F9: =COUNTIFS(t_date,">="&C9,t_date,"<"&EDATE(C9,1),t_status,"✅ Выполнена") | G9: =IF(E9=0,"",F9/E9) | H9: =COUNTIFS(t_date,">="&C9,t_date,"<"&EDATE(C9,1),t_od,">0") | I9: =COUNTIFS(t_done,">="&C9,t_done,"<"&EDATE(C9,1)) | J9: =COUNTIFS(e_date,">="&C9,e_date,"<"&EDATE(C9,1),e_name,"?*") | K9: =SUMIFS(e_dur,e_date,">="&C9,e_date,"<"&EDATE(C9,1)) | L9: =SUMIFS(e_dur,e_date,">="&C9,e_date,"<"&EDATE(C9,1),e_status,"✅ Сделано")
A10: 2026 | B10: Июнь | C10: 46174 | D10: =LEFT(B10,3)&" "&RIGHT(A10,2) | E10: =COUNTIFS(t_date,">="&C10,t_date,"<"&EDATE(C10,1),t_name,"?*",t_status,"<>❌ Отменена") | F10: =COUNTIFS(t_date,">="&C10,t_date,"<"&EDATE(C10,1),t_status,"✅ Выполнена") | G10: =IF(E10=0,"",F10/E10) | H10: =COUNTIFS(t_date,">="&C10,t_date,"<"&EDATE(C10,1),t_od,">0") | I10: =COUNTIFS(t_done,">="&C10,t_done,"<"&EDATE(C10,1)) | J10: =COUNTIFS(e_date,">="&C10,e_date,"<"&EDATE(C10,1),e_name,"?*") | K10: =SUMIFS(e_dur,e_date,">="&C10,e_date,"<"&EDATE(C10,1)) | L10: =SUMIFS(e_dur,e_date,">="&C10,e_date,"<"&EDATE(C10,1),e_status,"✅ Сделано")
A11: 2026 | B11: Июль | C11: 46204 | D11: =LEFT(B11,3)&" "&RIGHT(A11,2) | E11: =COUNTIFS(t_date,">="&C11,t_date,"<"&EDATE(C11,1),t_name,"?*",t_status,"<>❌ Отменена") | F11: =COUNTIFS(t_date,">="&C11,t_date,"<"&EDATE(C11,1),t_status,"✅ Выполнена") | G11: =IF(E11=0,"",F11/E11) | H11: =COUNTIFS(t_date,">="&C11,t_date,"<"&EDATE(C11,1),t_od,">0") | I11: =COUNTIFS(t_done,">="&C11,t_done,"<"&EDATE(C11,1)) | J11: =COUNTIFS(e_date,">="&C11,e_date,"<"&EDATE(C11,1),e_name,"?*") | K11: =SUMIFS(e_dur,e_date,">="&C11,e_date,"<"&EDATE(C11,1)) | L11: =SUMIFS(e_dur,e_date,">="&C11,e_date,"<"&EDATE(C11,1),e_status,"✅ Сделано")
A12: 2026 | B12: Август | C12: 46235 | D12: =LEFT(B12,3)&" "&RIGHT(A12,2) | E12: =COUNTIFS(t_date,">="&C12,t_date,"<"&EDATE(C12,1),t_name,"?*",t_status,"<>❌ Отменена") | F12: =COUNTIFS(t_date,">="&C12,t_date,"<"&EDATE(C12,1),t_status,"✅ Выполнена") | G12: =IF(E12=0,"",F12/E12) | H12: =COUNTIFS(t_date,">="&C12,t_date,"<"&EDATE(C12,1),t_od,">0") | I12: =COUNTIFS(t_done,">="&C12,t_done,"<"&EDATE(C12,1)) | J12: =COUNTIFS(e_date,">="&C12,e_date,"<"&EDATE(C12,1),e_name,"?*") | K12: =SUMIFS(e_dur,e_date,">="&C12,e_date,"<"&EDATE(C12,1)) | L12: =SUMIFS(e_dur,e_date,">="&C12,e_date,"<"&EDATE(C12,1),e_status,"✅ Сделано")
A13: 2026 | B13: Сентябрь | C13: 46266 | D13: =LEFT(B13,3)&" "&RIGHT(A13,2) | E13: =COUNTIFS(t_date,">="&C13,t_date,"<"&EDATE(C13,1),t_name,"?*",t_status,"<>❌ Отменена") | F13: =COUNTIFS(t_date,">="&C13,t_date,"<"&EDATE(C13,1),t_status,"✅ Выполнена") | G13: =IF(E13=0,"",F13/E13) | H13: =COUNTIFS(t_date,">="&C13,t_date,"<"&EDATE(C13,1),t_od,">0") | I13: =COUNTIFS(t_done,">="&C13,t_done,"<"&EDATE(C13,1)) | J13: =COUNTIFS(e_date,">="&C13,e_date,"<"&EDATE(C13,1),e_name,"?*") | K13: =SUMIFS(e_dur,e_date,">="&C13,e_date,"<"&EDATE(C13,1)) | L13: =SUMIFS(e_dur,e_date,">="&C13,e_date,"<"&EDATE(C13,1),e_status,"✅ Сделано")
A14: 2026 | B14: Октябрь | C14: 46296 | D14: =LEFT(B14,3)&" "&RIGHT(A14,2) | E14: =COUNTIFS(t_date,">="&C14,t_date,"<"&EDATE(C14,1),t_name,"?*",t_status,"<>❌ Отменена") | F14: =COUNTIFS(t_date,">="&C14,t_date,"<"&EDATE(C14,1),t_status,"✅ Выполнена") | G14: =IF(E14=0,"",F14/E14) | H14: =COUNTIFS(t_date,">="&C14,t_date,"<"&EDATE(C14,1),t_od,">0") | I14: =COUNTIFS(t_done,">="&C14,t_done,"<"&EDATE(C14,1)) | J14: =COUNTIFS(e_date,">="&C14,e_date,"<"&EDATE(C14,1),e_name,"?*") | K14: =SUMIFS(e_dur,e_date,">="&C14,e_date,"<"&EDATE(C14,1)) | L14: =SUMIFS(e_dur,e_date,">="&C14,e_date,"<"&EDATE(C14,1),e_status,"✅ Сделано")
A15: 2026 | B15: Ноябрь | C15: 46327 | D15: =LEFT(B15,3)&" "&RIGHT(A15,2) | E15: =COUNTIFS(t_date,">="&C15,t_date,"<"&EDATE(C15,1),t_name,"?*",t_status,"<>❌ Отменена") | F15: =COUNTIFS(t_date,">="&C15,t_date,"<"&EDATE(C15,1),t_status,"✅ Выполнена") | G15: =IF(E15=0,"",F15/E15) | H15: =COUNTIFS(t_date,">="&C15,t_date,"<"&EDATE(C15,1),t_od,">0") | I15: =COUNTIFS(t_done,">="&C15,t_done,"<"&EDATE(C15,1)) | J15: =COUNTIFS(e_date,">="&C15,e_date,"<"&EDATE(C15,1),e_name,"?*") | K15: =SUMIFS(e_dur,e_date,">="&C15,e_date,"<"&EDATE(C15,1)) | L15: =SUMIFS(e_dur,e_date,">="&C15,e_date,"<"&EDATE(C15,1),e_status,"✅ Сделано")
A16: 2026 | B16: Декабрь | C16: 46357 | D16: =LEFT(B16,3)&" "&RIGHT(A16,2) | E16: =COUNTIFS(t_date,">="&C16,t_date,"<"&EDATE(C16,1),t_name,"?*",t_status,"<>❌ Отменена") | F16: =COUNTIFS(t_date,">="&C16,t_date,"<"&EDATE(C16,1),t_status,"✅ Выполнена") | G16: =IF(E16=0,"",F16/E16) | H16: =COUNTIFS(t_date,">="&C16,t_date,"<"&EDATE(C16,1),t_od,">0") | I16: =COUNTIFS(t_done,">="&C16,t_done,"<"&EDATE(C16,1)) | J16: =COUNTIFS(e_date,">="&C16,e_date,"<"&EDATE(C16,1),e_name,"?*") | K16: =SUMIFS(e_dur,e_date,">="&C16,e_date,"<"&EDATE(C16,1)) | L16: =SUMIFS(e_dur,e_date,">="&C16,e_date,"<"&EDATE(C16,1),e_status,"✅ Сделано")
... A64: 2030 | B64: Декабрь | C64: 47818 | D64: =LEFT(B64,3)&" "&RIGHT(A64,2) | E64: =COUNTIFS(t_date,">="&C64,t_date,"<"&EDATE(C64,1),t_name,"?*",t_status,"<>❌ Отменена") | F64: =COUNTIFS(t_date,">="&C64,t_date,"<"&EDATE(C64,1),t_status,"✅ Выполнена") | G64: =IF(E64=0,"",F64/E64) | H64: =COUNTIFS(t_date,">="&C64,t_date,"<"&EDATE(C64,1),t_od,">0") | I64: =COUNTIFS(t_done,">="&C64,t_done,"<"&EDATE(C64,1)) | J64: =COUNTIFS(e_date,">="&C64,e_date,"<"&EDATE(C64,1),e_name,"?*") | K64: =SUMIFS(e_dur,e_date,">="&C64,e_date,"<"&EDATE(C64,1)) | L64: =SUMIFS(e_dur,e_date,">="&C64,e_date,"<"&EDATE(C64,1),e_status,"✅ Сделано")
A65: Σ ИТОГО | E65: =SUM(E5:E64) | F65: =SUM(F5:F64) | G65: =IF(E65=0,"",F65/E65) | H65: =SUM(H5:H64) | I65: =SUM(I5:I64) | J65: =SUM(J5:J64) | K65: =SUM(K5:K64) | L65: =SUM(L5:L64)

Sheet 📚 Справочник
A1: 📚 Справочник
A2: Источник всех выпадающих списков. Дописывайте свои группы занятий и категории в пустые жёлтые строки — они сразу появятся в списках и сводках.
A3: Группа — сфера жизни, категория — тип дела
A4: 🗂 Группа занятий | C4: 🏷 Категория | E4: 🎯 Приоритет | G4: 🚦 Статус задачи | I4: 🚦 Статус дела | K4: 📆 Год | L4: 🗓 Месяц
A5: 💼 Работа | C5: 📌 Задача | E5: 🔥 Высокий | G5: ⏳ Не начата | I5: ⏰ Запланировано | K5: 2026 | L5: Январь
A6: 🏠 Дом и быт | C6: 📞 Звонок | E6: ⭐ Средний | G6: 🔄 В работе | I6: ✅ Сделано | K6: 2027 | L6: Февраль
A7: 💪 Спорт и здоровье | C7: 🤝 Встреча | E7: 💤 Низкий | G7: ✅ Выполнена | I7: ❌ Пропущено | K7: 2028 | L7: Март
A8: 📚 Учёба | C8: 🛒 Покупка | G8: ❌ Отменена | K8: 2029 | L8: Апрель
A9: 👪 Семья и друзья | C9: 🔁 Привычка | K9: 2030 | L9: Май
A10: 🎨 Хобби | C10: 📝 Документы | L10: Июнь
A11: 💰 Финансы | C11: 🎉 Мероприятие | L11: Июль
A12: 🧘 Отдых | C12: 💡 Идея | L12: Август
A13: 🚀 Проекты | L13: Сентябрь
L14: Октябрь
L15: Ноябрь
L16: Декабрь
